field_id,block,split
1,272_823,train
2,272_823,train
3,272_823,train
4,275_825,train
5,275_825,train
6,275_825,train
7,275_825,train
8,275_825,train
9,275_825,train
10,273_821,val
12,274_825,train
14,271_824,test
15,273_823,train
16,273_823,train
17,274_823,val
18,274_824,test
20,274_824,test
22,274_824,test
23,276_822,test
24,276_822,test
27,275_823,val
28,275_823,val
30,275_823,val
31,271_824,test
32,271_824,test
33,275_824,test
34,275_824,test
35,275_824,test
36,274_822,train
37,274_822,train
38,275_823,val
40,275_823,val
41,275_823,val
42,275_823,val
43,275_823,val
45,271_824,test
46,271_824,test
47,275_823,val
49,271_824,test
50,270_823,train
51,270_823,train
53,270_823,train
54,270_823,train
55,270_823,train
56,271_824,test
57,274_820,val
58,274_822,train
59,275_823,val
60,275_826,train
61,274_824,test
66,275_825,train
70,276_821,val
71,276_821,val
72,276_821,val
73,276_825,train
74,276_825,train
75,276_825,train
76,276_825,train
77,276_825,train
78,276_825,train
80,272_822,train
81,272_822,train
82,273_823,train
83,271_825,val
84,271_825,val
85,271_825,val
86,271_825,val
87,271_825,val
88,272_824,train
89,272_824,train
91,272_823,train
93,273_824,train
96,273_824,train
97,273_823,train
98,273_823,train
100,273_823,train
101,276_822,test
102,276_822,test
103,276_822,test
106,276_822,test
107,271_824,test
108,271_824,test
110,271_824,test
111,271_823,train
112,271_823,train
113,271_823,train
114,271_823,train
115,271_823,train
116,271_823,train
117,274_824,test
118,274_824,test
120,277_821,train
121,274_826,val
122,274_826,val
123,275_820,val
124,275_820,val
125,275_820,val
126,272_823,train
127,272_823,train
128,272_823,train
131,271_824,test
132,271_824,test
133,271_824,test
134,271_822,train
135,276_821,val
136,276_821,val
137,276_821,val
138,276_821,val
139,272_825,val
140,272_825,val
141,272_825,val
143,272_825,val
145,271_822,train
147,271_822,train
149,271_824,test
150,271_823,train
152,271_823,train
153,271_823,train
154,271_823,train
155,275_819,test
156,275_819,test
157,275_819,test
158,275_819,test
159,276_823,train
161,274_827,test
163,274_827,test
164,276_823,train
165,276_823,train
167,276_823,train
170,274_825,train
171,274_825,train
172,274_825,train
173,274_825,train
174,274_825,train
175,274_825,train
176,271_822,train
177,271_822,train
178,271_823,train
179,274_821,test
181,274_821,test
185,274_821,test
186,274_824,test
188,274_824,test
190,274_824,test
192,274_820,val
193,271_822,train
194,271_822,train
195,271_822,train
197,271_822,train
198,271_822,train
199,271_824,test
200,271_824,test
201,275_821,val
202,275_821,val
203,275_821,val
204,275_821,val
205,271_823,train
206,274_821,test
207,274_821,test
211,274_821,test
214,276_824,val
215,276_824,val
216,271_823,train
218,275_822,train
223,273_823,train
224,273_823,train
225,273_823,train
227,273_823,train
228,275_824,test
229,275_824,test
230,273_823,train
231,274_825,train
232,274_825,train
233,274_825,train
234,274_825,train
235,274_825,train
237,271_823,train
240,271_823,train
241,271_823,train
242,271_823,train
243,275_823,val
244,275_823,val
245,274_826,val
246,274_826,val
247,274_826,val
248,274_826,val
249,274_826,val
253,274_826,val
254,274_826,val
255,274_826,val
256,274_825,train
257,274_826,val
258,274_826,val
259,274_826,val
261,274_826,val
263,275_821,val
265,272_822,train
266,272_822,train
268,275_820,val
269,275_820,val
270,275_820,val
271,275_820,val
275,273_821,val
276,273_821,val
278,274_824,test
279,274_824,test
281,274_824,test
284,272_824,train
288,271_823,train
290,271_824,test
292,275_822,train
293,275_822,train
294,275_822,train
295,275_822,train
297,273_824,train
298,276_823,train
299,276_823,train
300,276_823,train
301,272_824,train
302,272_824,train
303,272_824,train
304,276_821,val
305,276_821,val
307,276_821,val
308,276_821,val
309,276_821,val
310,271_823,train
312,275_823,val
313,275_823,val
314,275_823,val
315,275_823,val
316,275_823,val
317,274_824,test
318,274_824,test
319,273_825,test
320,273_825,test
322,274_821,test
323,274_821,test
324,271_823,train
325,271_823,train
326,273_823,train
327,273_823,train
328,273_823,train
329,274_826,val
330,276_821,val
331,276_821,val
333,275_823,val
334,275_823,val
336,271_823,train
337,273_824,train
338,273_824,train
339,273_824,train
342,275_822,train
343,274_822,train
344,274_822,train
346,274_822,train
347,274_822,train
348,274_822,train
349,275_822,train
350,275_822,train
351,275_822,train
352,275_822,train
353,274_820,val
354,274_820,val
356,274_824,test
357,274_824,test
358,274_821,test
359,274_821,test
361,274_821,test
362,274_821,test
363,276_821,val
364,276_821,val
365,276_821,val
366,276_821,val
367,276_821,val
368,277_821,train
369,277_821,train
370,277_821,train
371,277_821,train
372,277_821,train
373,277_821,train
374,273_821,val
375,273_821,val
376,274_825,train
378,273_823,train
379,274_824,test
380,274_824,test
382,274_824,test
383,274_823,val
384,274_823,val
385,274_823,val
386,273_824,train
388,276_821,val
390,275_821,val
392,273_821,val
393,273_821,val
394,274_824,test
396,274_824,test
397,274_824,test
398,274_824,test
399,274_824,test
403,274_821,test
406,274_821,test
410,273_821,val
411,273_821,val
412,274_825,train
413,271_824,test
415,271_824,test
416,274_822,train
417,274_822,train
418,274_822,train
419,274_822,train
420,273_825,test
421,273_823,train
422,274_821,test
423,273_823,train
425,274_821,test
426,274_821,test
427,274_821,test
429,271_824,test
430,271_824,test
432,271_822,train
435,271_822,train
437,275_822,train
438,275_822,train
439,275_822,train
440,275_821,val
441,275_821,val
442,273_822,test
443,275_826,train
444,276_824,val
445,276_824,val
446,276_824,val
447,276_824,val
449,271_824,test
450,271_824,test
451,271_824,test
452,271_824,test
453,271_824,test
454,275_822,train
455,275_823,val
456,272_824,train
458,272_824,train
459,272_824,train
462,274_825,train
464,274_824,test
465,274_824,test
466,274_824,test
467,274_824,test
468,274_824,test
470,273_823,train
471,272_823,train
472,272_823,train
473,272_823,train
474,276_824,val
476,276_824,val
478,274_825,train
480,274_825,train
481,276_822,test
484,276_822,test
485,276_822,test
486,276_822,test
489,274_821,test
490,274_821,test
491,274_821,test
493,274_821,test
494,275_820,val
496,275_820,val
497,275_820,val
498,275_820,val
499,275_820,val
500,273_825,test
502,275_822,train
503,275_822,train
504,275_822,train
506,275_822,train
507,275_822,train
508,275_822,train
509,275_822,train
510,275_822,train
511,273_821,val
512,271_824,test
513,271_824,test
514,271_824,test
515,271_824,test
516,271_824,test
517,271_824,test
518,276_821,val
519,276_824,val
522,273_823,train
523,273_823,train
524,273_823,train
525,276_822,test
526,276_822,test
527,274_825,train
528,274_825,train
529,274_825,train
530,275_823,val
531,275_823,val
533,272_823,train
535,271_824,test
536,271_824,test
538,271_824,test
539,275_820,val
540,274_825,train
542,274_825,train
543,274_825,train
544,271_824,test
545,271_824,test
548,275_820,val
549,275_820,val
550,275_820,val
551,275_820,val
552,275_820,val
553,274_822,train
554,271_824,test
555,271_824,test
556,271_824,test
558,270_823,train
559,270_823,train
560,270_823,train
561,270_823,train
562,270_823,train
563,274_821,test
564,274_821,test
565,274_821,test
567,274_824,test
568,274_824,test
569,274_824,test
570,274_824,test
571,274_824,test
573,275_822,train
574,275_822,train
576,275_822,train
577,275_822,train
578,275_823,val
579,275_823,val
580,275_823,val
581,276_821,val
582,276_821,val
583,275_822,train
585,274_821,test
586,274_821,test
587,274_821,test
588,274_821,test
589,274_821,test
591,272_824,train
592,272_824,train
594,274_823,val
595,275_823,val
596,275_823,val
598,275_823,val
600,275_823,val
601,274_823,val
602,274_823,val
604,274_823,val
605,272_822,train
608,272_822,train
609,272_822,train
610,272_822,train
611,271_824,test
612,271_824,test
613,273_824,train
614,273_824,train
615,273_824,train
619,275_823,val
621,271_823,train
623,271_823,train
624,273_822,test
625,273_822,test
627,273_822,test
629,276_822,test
630,271_823,train
631,271_825,val
632,271_825,val
633,271_825,val
634,273_822,test
637,273_822,test
638,273_822,test
640,275_823,val
641,275_823,val
642,275_823,val
643,275_824,test
644,275_824,test
645,275_824,test
646,274_825,train
647,274_825,train
649,276_821,val
653,276_821,val
654,276_821,val
655,276_821,val
656,276_825,train
657,276_825,train
661,276_825,train
662,274_825,train
663,275_823,val
664,275_823,val
665,275_823,val
666,275_823,val
667,275_823,val
668,275_823,val
669,274_822,train
670,274_822,train
671,274_822,train
672,274_822,train
673,274_822,train
674,276_821,val
676,274_826,val
677,274_825,train
679,274_825,train
680,274_823,val
681,274_823,val
682,275_824,test
683,275_824,test
684,275_824,test
685,275_824,test
686,275_824,test
688,276_821,val
689,276_821,val
690,276_821,val
691,276_821,val
692,276_821,val
693,272_824,train
694,272_824,train
695,274_825,train
696,275_826,train
697,271_822,train
698,271_822,train
701,274_824,test
702,276_821,val
703,276_821,val
704,276_821,val
705,276_821,val
706,276_821,val
707,276_821,val
708,274_822,train
709,274_822,train
710,271_824,test
711,271_824,test
712,271_824,test
713,271_824,test
717,274_823,val
718,273_823,train
719,273_823,train
720,273_823,train
722,274_822,train
723,274_822,train
725,275_824,test
726,275_824,test
727,275_821,val
728,275_821,val
730,275_820,val
731,276_823,train
733,276_823,train
735,276_822,test
736,276_822,test
739,275_821,val
740,275_821,val
745,272_823,train
746,274_826,val
747,274_826,val
749,274_826,val
750,274_826,val
751,274_826,val
752,271_824,test
753,271_824,test
755,271_824,test
756,273_822,test
757,273_822,test
760,274_822,train
761,274_822,train
762,273_822,test
763,273_822,test
764,273_822,test
765,275_822,train
766,275_822,train
768,272_822,train
771,272_822,train
772,272_822,train
773,274_822,train
774,273_823,train
775,273_823,train
777,273_823,train
778,273_823,train
779,276_826,train
780,276_826,train
781,275_822,train
782,275_822,train
785,271_824,test
788,271_824,test
789,273_824,train
790,273_824,train
791,273_824,train
792,273_824,train
793,273_824,train
794,274_826,val
795,274_821,test
796,274_821,test
797,274_821,test
798,275_822,train
799,275_822,train
800,275_822,train
801,274_821,test
802,272_824,train
803,272_824,train
804,275_824,test
805,274_825,train
807,271_824,test
808,271_824,test
809,272_823,train
810,272_823,train
811,273_823,train
815,275_826,train
817,273_821,val
818,272_824,train
820,272_824,train
821,272_824,train
822,272_824,train
824,276_821,val
825,276_821,val
826,276_821,val
827,276_821,val
828,276_821,val
830,276_824,val
831,276_824,val
833,276_824,val
834,276_824,val
835,274_826,val
837,274_826,val
838,274_826,val
839,274_826,val
840,274_826,val
843,275_824,test
844,275_824,test
846,271_824,test
851,274_822,train
852,274_822,train
853,274_822,train
854,274_822,train
855,274_822,train
856,274_822,train
858,275_823,val
859,271_823,train
860,271_823,train
861,271_823,train
862,274_827,test
863,274_827,test
864,274_827,test
865,274_827,test
867,276_824,val
868,274_826,val
869,274_826,val
870,274_826,val
871,274_826,val
872,273_823,train
874,274_822,train
875,274_822,train
876,271_823,train
877,271_823,train
878,271_823,train
879,275_821,val
880,275_821,val
887,275_824,test
889,274_822,train
890,275_823,val
893,275_823,val
894,275_823,val
895,275_824,test
896,271_823,train
898,271_823,train
899,271_823,train
900,274_823,val
901,272_825,val
902,272_825,val
903,272_825,val
905,272_825,val
906,272_825,val
907,277_821,train
908,277_821,train
909,277_821,train
910,275_823,val
912,275_823,val
913,275_823,val
914,275_823,val
915,275_823,val
917,271_823,train
918,271_823,train
919,275_822,train
920,275_822,train
921,275_822,train
922,275_822,train
923,273_824,train
924,273_824,train
926,273_824,train
927,275_824,test
929,272_824,train
931,272_824,train
932,272_824,train
933,272_824,train
934,273_823,train
935,273_822,test
936,273_822,test
937,273_822,test
938,275_822,train
940,274_822,train
941,274_822,train
942,272_823,train
943,273_822,test
944,273_822,test
948,275_822,train
950,274_827,test
951,274_827,test
952,276_822,test
953,276_822,test
954,276_822,test
955,276_822,test
956,275_820,val
957,275_820,val
958,275_822,train
960,274_821,test
961,274_821,test
962,274_821,test
963,274_821,test
964,274_820,val
965,274_821,test
966,273_823,train
967,273_822,test
968,273_822,test
969,273_822,test
970,273_822,test
972,273_822,test
974,273_823,train
975,273_823,train
976,272_823,train
977,272_823,train
978,272_823,train
979,272_822,train
980,272_822,train
981,270_823,train
982,270_823,train
983,274_820,val
984,275_820,val
986,275_820,val
987,276_821,val
988,276_821,val
990,276_821,val
991,276_821,val
992,276_821,val
994,275_821,val
995,275_821,val
996,275_821,val
997,275_821,val
998,275_821,val
999,275_821,val
1000,271_823,train
1001,273_821,val
1002,273_821,val
1003,273_821,val
1005,270_823,train
1006,270_823,train
1007,273_825,test
1008,272_822,train
1009,272_822,train
1012,274_822,train
1013,274_822,train
1015,277_821,train
1016,271_823,train
1017,271_823,train
1018,277_821,train
1019,277_821,train
1020,277_821,train
1021,277_821,train
1024,276_825,train
1025,275_824,test
1026,275_824,test
1027,274_825,train
1028,274_826,val
1029,274_826,val
1030,274_826,val
1031,274_826,val
1033,274_820,val
1034,274_820,val
1035,275_826,train
1037,276_821,val
1038,276_821,val
1039,276_821,val
1045,274_821,test
1046,274_821,test
1047,274_826,val
1048,274_826,val
1049,276_824,val
1050,276_824,val
1052,276_824,val
1053,276_824,val
1054,272_822,train
1057,273_824,train
1058,273_824,train
1060,275_824,test
1061,275_824,test
1062,274_821,test
1063,274_821,test
1064,274_821,test
1065,274_821,test
1066,273_824,train
1067,273_824,train
1068,273_824,train
1069,273_824,train
1070,274_820,val
1071,274_820,val
1072,275_822,train
1073,275_822,train
1074,275_822,train
1075,275_822,train
1076,275_822,train
1077,275_822,train
1078,275_824,test
1079,275_824,test
1080,275_821,val
1081,275_821,val
1082,275_821,val
1083,275_821,val
1084,275_821,val
1085,270_823,train
1086,270_823,train
1087,273_824,train
1088,273_824,train
1089,276_821,val
1091,276_821,val
1093,276_821,val
1094,276_821,val
1097,271_824,test
1099,271_824,test
1100,276_826,train
1102,276_826,train
1103,275_822,train
1104,275_822,train
1106,274_824,test
1107,274_824,test
1108,274_824,test
1110,274_824,test
1111,274_822,train
1112,274_822,train
1114,276_824,val
1115,276_824,val
1116,276_824,val
1117,274_826,val
1118,274_826,val
1119,274_826,val
1120,272_824,train
1121,274_826,val
1122,274_825,train
1123,274_825,train
1124,276_825,train
1125,276_825,train
1127,274_824,test
1128,274_824,test
1129,275_824,test
1130,274_826,val
1131,274_826,val
1132,276_821,val
1134,276_821,val
1135,276_821,val
1136,273_822,test
1137,273_822,test
1138,273_822,test
1139,275_823,val
1141,275_822,train
1143,271_824,test
1144,271_824,test
1145,271_824,test
1146,271_824,test
1147,274_825,train
1148,274_825,train
1150,274_825,train
1151,274_825,train
1152,271_823,train
1153,271_823,train
1154,271_823,train
1157,276_821,val
1158,276_821,val
1161,276_821,val
1162,275_822,train
1164,275_822,train
1166,272_823,train
1169,275_823,val
1170,272_823,train
1171,272_823,train
1175,274_820,val
1176,274_820,val
1178,275_821,val
1179,275_821,val
1180,275_821,val
1181,275_821,val
1182,275_825,train
1183,275_826,train
1184,275_826,train
1185,275_822,train
1187,275_822,train
1188,275_822,train
1190,276_825,train
1191,276_825,train
1193,274_827,test
1195,274_827,test
1196,274_827,test
1198,274_827,test
1199,274_825,train
1200,275_822,train
1201,275_822,train
1204,271_823,train
1207,271_823,train
1208,271_824,test
1209,274_825,train
1210,271_824,test
1215,276_824,val
1216,276_824,val
1217,276_824,val
1218,276_824,val
1219,276_824,val
1220,271_822,train
1222,271_822,train
1223,271_822,train
1224,273_822,test
1225,273_822,test
1226,273_822,test
1228,271_824,test
1229,271_824,test
1230,273_822,test
1232,273_822,test
1234,274_822,train
1236,275_822,train
1238,275_822,train
1239,275_822,train
1240,275_822,train
1241,275_822,train
1243,275_822,train
1244,275_822,train
1246,275_822,train
1247,271_823,train
1248,271_823,train
1249,271_823,train
1250,272_824,train
1253,274_826,val
1255,274_826,val
1256,276_822,test
1257,276_822,test
1258,276_822,test
1259,276_822,test
1260,276_822,test
1261,276_822,test
1262,275_825,train
1263,275_825,train
1264,275_825,train
1266,275_822,train
1268,273_823,train
1269,273_823,train
1270,273_823,train
1271,273_823,train
1272,273_823,train
1273,271_823,train
1274,271_823,train
1275,271_823,train
1278,274_824,test
1279,274_821,test
1281,274_821,test
1282,272_824,train
1283,272_824,train
1284,272_824,train
1285,272_824,train
1286,272_824,train
1287,275_823,val
1288,274_824,test
1289,274_824,test
1290,270_823,train
1291,270_823,train
1292,270_823,train
1293,276_822,test
1294,276_822,test
1295,274_821,test
1296,274_821,test
1298,274_821,test
1299,274_821,test
1300,275_821,val
1301,275_821,val
1302,271_823,train
1303,271_823,train
1304,274_824,test
1305,274_824,test
1308,276_822,test
1311,276_822,test
1313,276_822,test
1316,272_822,train
1317,272_822,train
1319,274_823,val
1320,274_823,val
1321,274_823,val
1322,271_823,train
1323,275_824,test
1324,275_824,test
1325,275_824,test
1326,275_824,test
1328,275_824,test
1329,272_824,train
1331,272_824,train
1332,276_823,train
1335,275_822,train
1337,275_822,train
1338,275_824,test
1340,275_824,test
1341,275_822,train
1342,271_824,test
1343,271_824,test
1344,271_824,test
1346,272_824,train
1348,272_824,train
1349,272_824,train
1350,276_821,val
1351,276_821,val
1353,270_823,train
1355,270_823,train
1357,276_822,test
1358,276_822,test
1359,276_822,test
1360,276_822,test
1361,276_822,test
1362,275_820,val
1363,274_826,val
1364,274_826,val
1365,274_826,val
1366,274_826,val
1367,274_826,val
1369,275_823,val
1372,273_823,train
1373,273_823,train
1374,273_823,train
1375,275_826,train
1376,275_826,train
1378,274_821,test
1379,274_821,test
1380,274_821,test
1382,273_824,train
1383,273_824,train
1384,273_824,train
1385,273_824,train
1386,272_825,val
1387,272_825,val
1388,276_825,train
1390,276_825,train
1392,276_825,train
1393,275_822,train
1394,271_823,train
1397,276_821,val
1399,276_821,val
1400,276_821,val
1401,276_821,val
1402,275_824,test
1403,275_824,test
1404,275_824,test
1405,273_824,train
1406,273_824,train
1407,273_824,train
1408,275_821,val
1409,275_821,val
1410,275_821,val
1411,275_821,val
1413,275_821,val
1414,274_822,train
1415,274_822,train
1416,274_822,train
1417,274_822,train
1418,276_821,val
1419,276_821,val
1423,271_824,test
1424,271_824,test
1425,271_824,test
1426,276_822,test
1427,276_822,test
1428,276_822,test
1429,276_822,test
1430,276_822,test
1431,275_822,train
1432,274_820,val
1433,274_820,val
1435,273_821,val
1436,273_821,val
1437,273_821,val
1439,277_821,train
1440,277_821,train
1441,277_821,train
1442,277_821,train
1443,274_823,val
1444,274_823,val
1445,274_821,test
1446,274_821,test
1448,274_821,test
1449,274_821,test
1450,274_821,test
1451,271_825,val
1452,271_825,val
1454,274_821,test
1455,274_821,test
1456,274_821,test
1457,274_821,test
1458,274_821,test
1459,274_821,test
1460,273_822,test
1461,273_822,test
1462,273_822,test
1463,274_821,test
1464,274_821,test
1465,274_821,test
1466,274_821,test
1467,274_821,test
1468,274_821,test
1469,275_822,train
1470,275_822,train
1471,271_824,test
1472,271_824,test
1473,271_824,test
1474,271_823,train
1477,271_823,train
1478,271_823,train
1479,271_823,train
1480,271_823,train
1481,272_822,train
1482,272_822,train
1483,275_822,train
1484,275_822,train
1486,275_822,train
1487,275_822,train
1488,273_822,test
1489,275_823,val
1490,276_821,val
1491,276_821,val
1492,276_821,val
1493,274_824,test
1494,274_824,test
1496,270_823,train
1497,270_823,train
1498,270_823,train
1500,270_823,train
1501,271_823,train
1502,276_821,val
1503,276_821,val
1506,276_821,val
1507,276_821,val
1508,271_823,train
1511,272_823,train
1512,272_823,train
1513,274_826,val
1514,275_824,test
1515,275_824,test
1516,275_824,test
1518,275_824,test
1519,273_823,train
1521,273_823,train
1522,273_823,train
1524,274_827,test
1526,271_823,train
1527,271_823,train
1528,275_820,val
1529,275_820,val
1530,275_820,val
1531,275_820,val
1532,275_820,val
1533,277_823,train
1535,276_823,train
1536,271_823,train
1537,271_823,train
1538,271_823,train
1539,274_826,val
1540,274_826,val
1541,274_826,val
1544,272_825,val
1545,272_825,val
1546,272_825,val
1547,276_821,val
1548,276_821,val
1549,276_821,val
1550,276_821,val
1551,276_821,val
1552,276_821,val
1554,272_824,train
1555,272_824,train
1556,272_824,train
1558,272_824,train
1559,270_823,train
1560,270_823,train
1561,273_823,train
1563,275_823,val
1565,275_824,test
1566,275_824,test
1567,275_823,val
1568,276_824,val
1569,275_823,val
1571,275_823,val
1572,275_823,val
1573,274_826,val
1575,274_826,val
1576,276_825,train
1577,276_825,train
1578,276_825,train
1579,276_825,train
1580,276_821,val
1582,276_821,val
1583,276_821,val
1585,273_823,train
1586,275_824,test
1587,275_824,test
1588,275_824,test
1589,276_826,train
1590,275_822,train
1592,275_822,train
1593,275_822,train
1594,275_822,train
1595,275_822,train
1596,276_821,val
1598,276_821,val
1599,276_821,val
1600,271_823,train
1601,271_823,train
1602,271_823,train
1603,274_826,val
1605,274_826,val
1606,274_826,val
1607,273_824,train
1608,273_824,train
1610,276_822,test
1611,276_822,test
1613,276_822,test
1614,276_822,test
1615,274_824,test
1616,274_824,test
1618,273_824,train
1620,273_824,train
1621,273_824,train
1622,273_824,train
1624,276_824,val
1625,276_824,val
1626,276_822,test
1627,276_822,test
1628,276_822,test
1631,271_822,train
1632,271_823,train
1633,273_821,val
1634,273_821,val
1635,273_821,val
1637,271_823,train
1638,275_822,train
1639,276_822,test
1641,274_822,train
1642,274_822,train
1643,274_822,train
1644,274_822,train
1645,274_822,train
1646,274_822,train
1647,274_822,train
1648,274_822,train
1649,274_825,train
1650,274_825,train
1651,274_825,train
1652,271_824,test
1653,271_824,test
1654,271_824,test
1655,271_824,test
1656,273_825,test
1657,271_823,train
1658,271_822,train
1660,272_824,train
1661,273_825,test
1662,273_825,test
1663,273_825,test
1664,273_825,test
1665,274_822,train
1666,274_822,train
1667,274_825,train
1668,276_824,val
1669,276_824,val
1670,276_824,val
1671,276_824,val
1672,276_824,val
1673,274_821,test
1674,274_821,test
1675,274_821,test
1677,276_822,test
1679,276_822,test
1680,276_822,test
1681,274_824,test
1682,274_824,test
1683,274_824,test
1685,274_824,test
1686,274_824,test
1687,276_824,val
1688,276_824,val
1689,276_824,val
1690,273_814,train
1692,272_814,train
1693,276_816,train
1694,276_816,train
1695,276_816,train
1696,276_816,train
1697,276_816,train
1698,272_816,train
1699,272_816,train
1701,272_816,train
1703,278_813,test
1705,277_816,val
1706,277_816,val
1708,279_814,train
1709,279_814,train
1711,279_814,train
1712,279_814,train
1713,279_814,train
1714,279_814,train
1715,276_815,train
1716,276_815,train
1717,276_815,train
1718,276_815,train
1719,272_816,train
1720,272_816,train
1721,272_816,train
1722,272_816,train
1723,272_816,train
1724,274_815,train
1725,274_815,train
1726,274_815,train
1727,276_816,train
1728,276_816,train
1729,275_815,train
1730,275_815,train
1731,275_815,train
1732,275_815,train
1733,274_814,train
1734,274_817,train
1736,279_815,train
1737,279_814,train
1738,279_814,train
1739,279_814,train
1740,274_814,train
1741,274_814,train
1742,274_814,train
1743,279_816,train
1744,279_816,train
1745,279_816,train
1746,279_816,train
1747,276_816,train
1748,276_816,train
1750,276_816,train
1753,276_816,train
1754,271_815,val
1756,271_815,val
1757,271_815,val
1758,271_815,val
1759,271_815,val
1760,271_815,val
1762,280_813,val
1763,280_813,val
1764,280_813,val
1765,280_813,val
1767,276_813,val
1769,278_814,val
1770,278_814,val
1772,278_814,val
1774,276_816,train
1775,276_816,train
1776,277_816,val
1777,276_816,train
1778,276_815,train
1780,270_815,val
1781,270_815,val
1782,270_815,val
1783,270_815,val
1785,275_813,test
1787,275_814,train
1788,275_813,test
1789,275_813,test
1790,275_813,test
1791,271_815,val
1793,271_815,val
1794,271_815,val
1795,271_815,val
1796,275_815,train
1799,277_814,train
1800,277_814,train
1801,277_813,train
1804,277_813,train
1805,277_814,train
1806,274_815,train
1807,274_815,train
1809,277_813,train
1810,277_813,train
1811,278_813,test
1812,278_813,test
1813,278_813,test
1814,278_813,test
1815,278_813,test
1817,277_813,train
1818,277_813,train
1819,277_813,train
1820,277_813,train
1822,277_813,train
1823,277_813,train
1824,277_813,train
1827,273_814,train
1829,278_813,test
1830,275_813,test
1831,274_813,val
1832,275_813,test
1833,274_817,train
1834,274_817,train
1835,274_817,train
1838,279_814,train
1839,279_814,train
1840,279_814,train
1841,280_813,val
1842,277_815,train
1843,277_815,train
1844,277_815,train
1845,277_815,train
1846,277_815,train
1847,277_815,train
1848,276_815,train
1849,276_815,train
1850,276_815,train
1851,271_815,val
1852,273_818,train
1853,273_818,train
1854,273_818,train
1855,278_815,test
1857,272_814,train
1859,279_813,train
1860,278_813,test
1861,279_813,train
1862,279_813,train
1863,278_813,test
1864,278_813,test
1867,278_813,test
1868,278_814,val
1869,278_814,val
1870,274_816,train
1871,274_816,train
1872,274_816,train
1873,277_814,train
1875,277_814,train
1876,277_814,train
1877,274_816,train
1878,274_816,train
1879,274_816,train
1880,274_814,train
1881,273_818,train
1883,278_813,test
1886,278_815,test
1887,278_815,test
1888,278_815,test
1889,278_815,test
1890,278_815,test
1891,278_815,test
1892,277_814,train
1893,279_813,train
1894,279_813,train
1897,279_813,train
1898,280_813,val
1899,279_815,train
1900,279_815,train
1901,279_815,train
1902,279_815,train
1903,279_815,train
1905,274_819,test
1906,274_819,test
1907,274_815,train
1908,274_815,train
1909,274_815,train
1910,274_814,train
1911,275_818,val
1912,275_818,val
1913,275_818,val
1914,272_816,train
1916,272_816,train
1919,278_813,test
1920,278_813,test
1921,278_813,test
1922,273_814,train
1923,273_814,train
1924,273_814,train
1926,283_811,train
1927,283_811,train
1928,283_811,train
1929,283_811,train
1930,283_811,train
1931,275_813,test
1932,274_817,train
1933,276_813,val
1934,276_813,val
1936,278_813,test
1937,272_816,train
1938,272_816,train
1939,272_816,train
1940,281_814,train
1941,281_814,train
1942,281_814,train
1943,273_814,train
1944,273_814,train
1946,273_814,train
1947,281_812,train
1948,281_812,train
1950,278_813,test
1951,274_816,train
1952,274_816,train
1953,274_816,train
1954,275_817,train
1955,275_817,train
1956,273_815,train
1957,273_815,train
1958,273_815,train
1959,273_815,train
1961,280_812,train
1962,274_814,train
1963,274_814,train
1964,274_814,train
1965,278_813,test
1966,278_813,test
1967,278_813,test
1968,278_813,test
1970,280_813,val
1971,278_814,val
1972,278_814,val
1973,276_816,train
1974,276_816,train
1975,276_816,train
1977,276_816,train
1978,276_816,train
1979,273_815,train
1980,273_816,train
1981,273_816,train
1982,273_816,train
1983,273_816,train
1984,273_819,test
1986,272_815,train
1988,272_815,train
1990,273_816,train
1991,278_813,test
1992,278_813,test
1993,278_815,test
1994,278_815,test
1996,278_815,test
1997,278_815,test
1998,278_815,test
2000,276_815,train
2001,278_813,test
2002,278_813,test
2003,278_813,test
2004,278_813,test
2005,273_814,train
2006,273_814,train
2007,273_814,train
2008,273_814,train
2009,273_814,train
2010,277_816,val
2011,277_816,val
2012,277_816,val
2015,278_813,test
2016,278_813,test
2017,278_813,test
2019,279_815,train
2021,279_815,train
2022,279_815,train
2023,279_813,train
2024,279_813,train
2026,279_814,train
2027,279_814,train
2028,274_817,train
2029,274_817,train
2030,278_816,train
2031,278_816,train
2033,281_812,train
2034,278_815,test
2035,274_814,train
2036,274_814,train
2037,274_814,train
2038,274_814,train
2039,278_816,train
2040,278_816,train
2041,272_816,train
2043,272_816,train
2044,272_816,train
2045,280_812,train
2046,280_812,train
2047,277_813,train
2048,277_813,train
2049,277_813,train
2050,279_816,train
2051,279_816,train
2052,279_816,train
2053,279_815,train
2054,279_815,train
2055,277_814,train
2056,277_814,train
2058,277_813,train
2059,277_813,train
2060,273_814,train
2062,273_814,train
2064,276_814,train
2065,276_814,train
2066,276_814,train
2068,272_814,train
2069,272_814,train
2070,272_814,train
2071,272_814,train
2072,270_815,val
2073,277_813,train
2075,277_813,train
2076,277_813,train
2077,275_816,test
2078,273_814,train
2080,274_814,train
2082,274_814,train
2083,274_814,train
2084,276_816,train
2086,276_815,train
2088,275_815,train
2089,274_814,train
2090,274_814,train
2091,280_812,train
2093,280_815,train
2094,273_816,train
2095,273_816,train
2096,273_817,val
2098,273_817,val
2099,276_813,val
2101,275_816,test
2102,275_816,test
2103,275_816,test
2104,275_816,test
2105,277_813,train
2106,277_813,train
2107,277_813,train
2108,277_813,train
2109,277_813,train
2111,277_815,train
2112,278_815,test
2113,278_815,test
2114,278_815,test
2115,278_815,test
2116,280_815,train
2117,278_813,test
2118,278_813,test
2122,278_815,test
2123,278_815,test
2124,274_815,train
2125,274_815,train
2128,279_813,train
2129,279_813,train
2130,274_818,train
2131,274_818,train
2133,274_816,train
2134,278_816,train
2135,278_814,val
2136,278_814,val
2137,278_814,val
2138,278_814,val
2139,278_814,val
2141,276_815,train
2142,276_815,train
2143,276_815,train
2144,277_816,val
2145,278_813,test
2146,279_814,train
2147,279_814,train
2149,276_815,train
2150,272_816,train
2153,275_817,train
2154,275_816,test
2155,275_816,test
2156,275_817,train
2157,277_813,train
2159,279_815,train
2160,274_814,train
2161,274_814,train
2162,274_814,train
2164,271_815,val
2166,271_815,val
2167,271_815,val
2168,271_815,val
2170,279_814,train
2171,279_814,train
2172,272_816,train
2173,275_813,test
2174,277_814,train
2175,274_814,train
2176,274_814,train
2177,274_814,train
2178,274_814,train
2180,280_812,train
2181,280_812,train
2182,278_813,test
2183,278_813,test
2185,278_813,test
2186,278_813,test
2187,278_813,test
2188,272_815,train
2189,272_815,train
2190,272_815,train
2191,280_812,train
2192,277_813,train
2193,277_813,train
2194,277_813,train
2195,277_813,train
2196,276_814,train
2197,276_816,train
2199,275_815,train
2200,275_815,train
2201,275_815,train
2202,279_814,train
2203,279_814,train
2204,279_814,train
2205,279_814,train
2206,279_814,train
2208,273_818,train
2209,273_818,train
2210,273_818,train
2211,271_815,val
2212,271_815,val
2214,277_816,val
2215,276_816,train
2216,277_816,val
2217,278_813,test
2218,278_813,test
2219,278_813,test
2220,278_813,test
2221,278_813,test
2222,274_814,train
2223,274_814,train
2224,274_814,train
2226,277_813,train
2227,277_813,train
2228,274_818,train
2229,274_818,train
2230,280_812,train
2234,278_813,test
2236,278_813,test
2237,275_818,val
2238,275_818,val
2239,271_815,val
2240,271_816,test
2241,271_816,test
2243,277_814,train
2245,277_814,train
2246,281_813,train
2247,281_813,train
2248,278_814,val
2251,278_814,val
2252,278_814,val
2253,278_814,val
2254,277_815,train
2256,276_816,train
2257,276_816,train
2259,277_814,train
2260,270_815,val
2261,272_814,train
2263,272_814,train
2264,272_814,train
2265,272_814,train
2267,274_815,train
2268,274_815,train
2269,277_816,val
2270,277_816,val
2271,277_816,val
2272,272_816,train
2273,272_816,train
2275,274_814,train
2276,274_814,train
2277,279_813,train
2279,275_814,train
2280,273_814,train
2281,273_814,train
2282,273_814,train
2283,277_814,train
2285,277_814,train
2286,277_814,train
2288,280_812,train
2291,271_815,val
2292,271_815,val
2293,280_812,train
2294,280_812,train
2295,280_812,train
2296,278_814,val
2297,274_815,train
2298,274_815,train
2299,274_815,train
2300,274_815,train
2302,280_812,train
2303,280_812,train
2304,280_812,train
2305,274_815,train
2307,274_815,train
2308,274_815,train
2309,274_815,train
2310,274_815,train
2311,274_814,train
2313,274_814,train
2314,274_814,train
2315,274_814,train
2316,274_814,train
2317,278_813,test
2318,278_813,test
2319,278_813,test
2320,280_813,val
2321,280_813,val
2322,280_813,val
2323,277_816,val
2324,278_813,test
2325,277_813,train
2326,277_813,train
2327,277_813,train
2328,271_815,val
2329,277_813,train
2331,278_814,val
2333,271_815,val
2335,280_814,train
2336,280_812,train
2337,280_812,train
2338,281_812,train
2339,280_811,test
2340,280_811,test
2341,280_811,test
2342,276_813,val
2343,276_813,val
2344,274_814,train
2346,274_814,train
2347,276_816,train
2348,277_813,train
2350,277_813,train
2351,274_816,train
2352,274_816,train
2354,274_816,train
2355,274_816,train
2356,274_816,train
2357,274_815,train
2358,274_817,train
2359,274_817,train
2361,272_815,train
2362,272_815,train
2363,272_815,train
2364,278_813,test
2365,278_813,test
2366,278_813,test
2367,278_814,val
2373,281_812,train
2374,273_818,train
2375,273_818,train
2378,280_813,val
2380,280_813,val
2383,275_816,test
2384,279_814,train
2385,276_814,train
2386,276_814,train
2388,272_816,train
2389,272_816,train
2390,279_817,train
2392,279_817,train
2393,279_817,train
2394,279_817,train
2395,273_815,train
2397,273_815,train
2398,273_816,train
2400,273_816,train
2401,279_816,train
2402,279_816,train
2403,279_816,train
2404,279_816,train
2405,272_816,train
2407,272_816,train
2408,275_814,train
2409,275_814,train
2411,274_816,train
2412,276_816,train
2415,271_814,test
2417,271_814,test
2418,271_814,test
2419,271_814,test
2421,277_816,val
2422,277_816,val
2423,277_816,val
2425,277_813,train
2427,277_813,train
2428,280_814,train
2429,276_814,train
2430,276_814,train
2431,276_814,train
2432,278_816,train
2433,278_816,train
2434,274_817,train
2435,279_814,train
2436,279_814,train
2437,279_814,train
2438,279_814,train
2440,278_813,test
2441,272_816,train
2442,272_816,train
2443,272_816,train
2444,273_815,train
2445,282_811,train
2446,282_811,train
2447,282_811,train
2449,274_819,test
2450,274_819,test
2451,274_819,test
2452,274_819,test
2453,274_819,test
2454,274_819,test
2455,274_814,train
2456,274_814,train
2457,274_814,train
2458,274_814,train
2461,277_815,train
2462,277_815,train
2463,277_815,train
2464,272_815,train
2465,273_815,train
2466,273_815,train
2467,274_814,train
2469,274_815,train
2470,275_815,train
2471,275_815,train
2472,275_815,train
2473,279_814,train
2474,278_814,val
2475,278_814,val
2477,272_816,train
2478,272_816,train
2479,272_816,train
2480,272_816,train
2481,273_818,train
2482,273_818,train
2486,273_817,val
2487,274_815,train
2489,274_815,train
2490,274_815,train
2491,274_815,train
2492,273_814,train
2493,278_813,test
2495,280_812,train
2496,280_812,train
2497,272_816,train
2498,272_816,train
2499,275_813,test
2500,275_813,test
2501,274_814,train
2502,275_816,test
2503,275_816,test
2505,275_816,test
2506,272_816,train
2507,272_816,train
2508,272_816,train
2509,274_814,train
2511,274_814,train
2512,274_814,train
2513,274_814,train
2514,274_814,train
2516,274_817,train
2517,274_817,train
2519,276_814,train
2521,279_813,train
2523,278_813,test
2524,274_814,train
2525,274_814,train
2526,274_814,train
2527,274_814,train
2528,274_814,train
2529,274_814,train
2530,276_814,train
2531,276_814,train
2532,276_814,train
2534,274_814,train
2535,274_814,train
2536,274_814,train
2537,274_814,train
2538,274_814,train
2539,280_812,train
2540,280_812,train
2543,272_815,train
2544,272_815,train
2546,273_816,train
2548,277_813,train
2550,277_813,train
2552,277_813,train
2553,274_815,train
2554,274_815,train
2555,275_813,test
2557,275_813,test
2558,278_813,test
2559,278_813,test
2560,278_813,test
2561,278_813,test
2562,278_813,test
2563,278_813,test
2565,277_815,train
2566,277_814,train
2567,277_814,train
2568,273_815,train
2569,272_816,train
2570,272_816,train
2571,272_816,train
2572,272_816,train
2573,272_816,train
2574,272_816,train
2575,278_815,test
2576,278_815,test
2578,278_814,val
2579,278_814,val
2582,280_812,train
2583,280_812,train
2584,280_812,train
2585,280_812,train
2586,278_816,train
2587,278_816,train
2590,271_815,val
2591,271_815,val
2592,271_815,val
2593,276_813,val
2594,276_813,val
2595,276_813,val
2597,272_816,train
2598,272_816,train
2599,275_816,test
2600,278_813,test
2601,278_813,test
2602,278_813,test
2603,278_813,test
2604,272_816,train
2605,276_816,train
2606,276_816,train
2607,276_816,train
2608,279_815,train
2609,279_815,train
2610,280_812,train
2612,274_814,train
2613,274_814,train
2615,273_815,train
2616,273_815,train
2617,273_815,train
2618,278_814,val
2621,278_814,val
2624,274_816,train
2625,274_816,train
2627,278_815,test
2628,278_815,test
2629,273_816,train
2630,273_816,train
2632,276_815,train
2633,276_815,train
2634,276_815,train
2635,276_815,train
2636,273_814,train
2637,273_814,train
2638,273_814,train
2640,275_813,test
2641,279_813,train
2642,279_813,train
2643,279_813,train
2644,279_813,train
2645,271_815,val
2646,272_816,train
2649,278_815,test
2650,275_814,train
2652,272_816,train
2653,272_816,train
2657,278_814,val
2658,278_814,val
2659,278_814,val
2660,278_814,val
2662,274_814,train
2663,274_814,train
2664,275_815,train
2665,275_815,train
2666,275_815,train
2667,275_815,train
2668,275_815,train
2669,275_815,train
2670,274_814,train
2671,274_814,train
2672,277_816,val
2677,277_813,train
2678,274_815,train
2679,274_815,train
2680,279_817,train
2681,279_817,train
2682,279_817,train
2685,275_816,test
2686,275_816,test
2687,280_812,train
2688,280_812,train
2689,273_815,train
2690,273_815,train
2691,273_815,train
2692,277_814,train
2693,277_814,train
2694,277_814,train
2695,272_816,train
2697,272_816,train
2699,272_816,train
2700,275_815,train
2701,275_816,test
2702,275_815,train
2703,277_813,train
2705,277_813,train
2706,278_816,train
2707,278_815,test
2709,273_815,train
2710,273_815,train
2712,273_815,train
2713,277_815,train
2714,277_815,train
2715,277_815,train
2716,279_816,train
2717,279_813,train
2718,282_811,train
2719,274_815,train
2720,274_815,train
2721,274_815,train
2722,274_815,train
2723,274_815,train
2724,274_815,train
2727,273_814,train
2728,273_814,train
2729,273_814,train
2730,273_814,train
2731,273_815,train
2732,278_814,val
2733,278_814,val
2734,278_814,val
2735,278_814,val
2736,278_814,val
2738,276_814,train
2740,278_813,test
2741,278_813,test
2748,275_814,train
2749,275_814,train
2750,274_815,train
2751,274_815,train
2752,274_815,train
2753,275_819,test
2754,275_819,test
2755,277_813,train
2756,277_813,train
2758,277_813,train
2759,277_813,train
2760,277_813,train
2761,273_817,val
2763,273_815,train
2764,273_815,train
2765,271_815,val
2766,271_815,val
2767,271_815,val
2768,280_812,train
2769,280_812,train
2770,271_816,test
2771,276_815,train
2772,272_816,train
2773,272_816,train
2774,274_814,train
2775,274_814,train
2776,274_814,train
2777,274_814,train
2778,276_815,train
2779,276_815,train
2781,280_813,val
2782,281_813,train
2783,280_813,val
2784,280_813,val
2785,281_813,train
2786,273_816,train
2787,273_816,train
2788,273_816,train
2789,273_816,train
2790,273_816,train
2793,278_814,val
2794,273_817,val
2795,273_817,val
2796,274_818,train
2797,275_815,train
2798,274_814,train
2800,278_815,test
2801,274_814,train
2802,274_814,train
2803,274_814,train
2804,274_814,train
2805,274_814,train
2806,275_813,test
2807,275_814,train
2808,275_813,test
2811,272_815,train
2813,275_813,test
2814,272_816,train
2815,272_816,train
2817,280_812,train
2818,280_812,train
2819,280_812,train
2820,272_816,train
2822,276_815,train
2823,276_815,train
2824,274_815,train
2826,274_815,train
2827,280_812,train
2828,280_812,train
2829,280_812,train
2831,274_814,train
2832,274_814,train
2833,274_814,train
2835,274_814,train
2836,274_815,train
2837,274_815,train
2838,279_815,train
2839,279_815,train
2840,272_815,train
2841,279_814,train
2842,274_814,train
2843,274_814,train
2845,274_814,train
2847,274_814,train
2848,275_816,test
2849,275_816,test
2853,281_814,train
2854,281_814,train
2855,281_814,train
2856,281_814,train
2858,277_815,train
2859,277_815,train
2860,274_813,val
2861,274_813,val
2863,271_815,val
2864,279_814,train
2866,279_814,train
2869,273_816,train
2870,273_816,train
2871,279_817,train
2872,279_817,train
2874,277_813,train
2875,277_813,train
2876,277_813,train
2877,277_813,train
2878,273_815,train
2880,272_815,train
2881,276_813,val
2882,276_813,val
2885,278_813,test
2888,277_816,val
2889,277_816,val
2890,277_816,val
2891,277_816,val
2892,273_818,train
2893,273_818,train
2894,273_818,train
2895,280_812,train
2896,280_812,train
2897,280_812,train
2898,280_812,train
2899,280_812,train
2900,272_815,train
2901,272_815,train
2903,275_814,train
2904,273_816,train
2906,273_816,train
2907,273_816,train
2908,273_816,train
2909,280_814,train
2910,275_814,train
2911,275_814,train
2913,272_815,train
2914,272_815,train
2915,272_815,train
2916,274_814,train
2917,274_814,train
2918,274_814,train
2919,274_814,train
2920,277_814,train
2921,277_814,train
2922,272_816,train
2923,273_816,train
2924,272_816,train
2925,272_816,train
2927,279_814,train
2929,272_815,train
2930,272_815,train
2931,278_813,test
2932,278_813,test
2933,278_813,test
2934,278_813,test
2938,272_816,train
2940,272_816,train
2941,273_816,train
2943,274_814,train
2945,274_814,train
2946,274_814,train
2947,274_814,train
2948,275_814,train
2950,274_819,test
2952,273_819,test
2955,272_815,train
2956,272_815,train
2957,272_815,train
2958,272_815,train
2959,276_814,train
2961,273_814,train
2963,270_815,val
2964,270_815,val
2965,273_816,train
2966,273_816,train
2967,273_816,train
2968,278_816,train
2970,274_815,train
2971,274_815,train
2972,274_815,train
2973,274_815,train
2975,278_815,test
2976,278_815,test
2977,278_815,test
2978,278_816,train
2981,273_817,val
2983,275_819,test
2984,273_817,val
2985,273_817,val
2988,273_817,val
2989,277_813,train
2990,277_813,train
2992,274_814,train
2993,274_814,train
2994,274_814,train
2995,274_814,train
2996,274_814,train
2997,277_815,train
3000,273_817,val
3002,271_815,val
3004,271_815,val
3006,277_813,train
3007,277_813,train
3008,277_813,train
3009,277_813,train
3010,273_815,train
3011,273_815,train
3012,274_817,train
3013,274_817,train
3014,276_815,train
3015,275_815,train
3016,272_816,train
3017,272_816,train
3019,272_816,train
3020,272_816,train
3021,274_815,train
3022,274_815,train
3023,274_815,train
3024,274_815,train
3025,274_815,train
3026,277_814,train
3027,277_814,train
3028,277_814,train
3031,273_817,val
3032,273_817,val
3033,273_817,val
3034,273_817,val
3035,273_817,val
3036,273_817,val
3037,274_819,test
3038,274_819,test
3039,274_819,test
3041,276_816,train
3042,276_816,train
3043,276_816,train
3048,277_813,train
3050,278_813,test
3051,278_813,test
3052,275_814,train
3053,275_814,train
3054,275_814,train
3055,275_814,train
3056,275_814,train
3057,279_814,train
3058,274_819,test
3059,277_813,train
3060,277_813,train
3062,271_815,val
3063,271_815,val
3064,277_813,train
3065,277_813,train
3066,272_816,train
3067,272_816,train
3068,273_814,train
3069,273_814,train
3070,273_814,train
3072,276_814,train
3073,276_814,train
3075,276_814,train
3078,274_814,train
3080,274_814,train
3081,274_814,train
3082,274_814,train
3083,274_814,train
3085,278_813,test
3086,278_813,test
3087,274_817,train
3088,274_817,train
3089,275_813,test
3090,280_812,train
3092,280_812,train
3094,280_812,train
3096,274_817,train
3097,274_817,train
3098,280_814,train
3099,280_814,train
3100,280_814,train
3102,274_817,train
3104,274_817,train
3105,274_819,test
3106,274_819,test
3107,274_819,test
3108,272_816,train
3109,272_816,train
3110,272_816,train
3111,272_816,train
3112,272_816,train
3114,275_813,test
3116,277_813,train
3117,277_813,train
3120,277_813,train
3122,279_815,train
3123,279_815,train
3124,279_815,train
3125,279_815,train
3126,273_817,val
3127,273_817,val
3128,273_817,val
3129,273_817,val
3130,273_818,train
3131,273_818,train
3132,278_814,val
3133,278_814,val
3134,278_814,val
3135,278_814,val
3138,278_813,test
3140,278_813,test
3141,273_814,train
3142,273_814,train
3143,273_814,train
3144,273_814,train
3145,273_814,train
3146,272_816,train
3148,272_816,train
3149,272_816,train
3150,272_816,train
3151,274_814,train
3152,280_814,train
3153,280_814,train
3154,274_813,val
3155,274_813,val
3156,274_814,train
3157,274_813,val
3158,273_817,val
3159,273_817,val
3162,273_817,val
3163,273_817,val
3164,281_813,train
3165,281_813,train
3166,281_813,train
3167,276_816,train
3168,276_816,train
3169,276_813,val
3172,277_815,train
3173,278_816,train
3175,278_816,train
3176,274_817,train
3178,279_817,train
3181,275_814,train
3182,272_816,train
3184,270_815,val
3185,274_814,train
3186,274_814,train
3188,276_815,train
3189,280_812,train
3190,280_812,train
3191,280_812,train
3193,272_815,train
3194,272_815,train
3195,274_814,train
3196,271_815,val
3197,274_814,train
3199,278_814,val
3200,278_814,val
3202,282_811,train
3203,282_811,train
3204,273_817,val
3205,273_817,val
3206,278_813,test
3207,278_813,test
3208,278_813,test
3209,278_813,test
3210,278_813,test
3211,275_815,train
3212,275_815,train
3213,275_815,train
3214,275_815,train
3215,275_815,train
3216,274_814,train
3217,274_814,train
3218,277_813,train
3220,277_813,train
3222,278_814,val
3223,279_816,train
3225,279_816,train
3226,278_815,test
3227,277_813,train
3228,277_813,train
3229,275_814,train
3230,274_814,train
3231,274_814,train
3232,274_814,train
3234,274_814,train
3236,272_816,train
3237,272_816,train
3238,272_816,train
3239,279_814,train
3240,279_814,train
3241,279_814,train
3242,279_814,train
3243,279_814,train
3244,274_814,train
3245,274_814,train
3246,274_814,train
3247,274_814,train
3248,274_814,train
3249,274_814,train
3250,274_814,train
3252,274_814,train
3253,278_813,test
3254,278_813,test
3255,279_813,train
3257,276_813,val
3258,274_815,train
3259,274_815,train
3260,274_815,train
3261,274_815,train
3262,272_816,train
3263,272_816,train
3264,279_815,train
3265,279_815,train
3266,274_815,train
3268,274_815,train
3269,274_815,train
3270,276_815,train
3271,275_815,train
3273,276_815,train
3274,275_815,train
3275,275_818,val
3277,275_818,val
3278,275_813,test
3280,274_815,train
3281,274_815,train
3282,274_815,train
3283,272_816,train
3284,272_816,train
3285,272_816,train
3287,272_815,train
3288,276_816,train
3289,276_816,train
3293,273_815,train
3294,277_813,train
3296,277_813,train
3298,274_814,train
3299,274_814,train
3300,276_813,val
3301,276_813,val
3302,276_813,val
3303,275_815,train
3304,275_815,train
3305,275_815,train
3306,275_815,train
3307,275_815,train
3308,274_815,train
3309,273_816,train
3310,272_816,train
3312,272_815,train
3313,272_815,train
3314,272_815,train
3316,271_815,val
3317,272_815,train
3318,272_815,train
3319,271_815,val
3320,271_815,val
3321,273_818,train
3322,273_818,train
3323,273_818,train
3324,280_813,val
3325,280_813,val
3326,280_813,val
3327,273_817,val
3328,273_817,val
3330,280_813,val
3331,279_813,train
3332,279_813,train
3333,279_813,train
3335,273_817,val
3336,273_817,val
3337,273_817,val
3338,273_815,train
3339,273_815,train
3340,273_815,train
3341,274_816,train
3342,274_816,train
3343,274_816,train
3344,274_816,train
3345,273_819,test
3346,273_819,test
3347,273_819,test
3350,273_814,train
3351,273_814,train
3352,274_817,train
3353,274_817,train
3354,274_817,train
3355,274_817,train
3356,283_811,train
3357,283_811,train
3358,283_811,train
3360,283_811,train
3361,283_811,train
3362,277_814,train
3363,277_814,train
3365,271_815,val
3367,278_813,test
3369,278_813,test
3370,278_813,test
3371,278_813,test
3372,278_813,test
3373,278_813,test
3374,278_813,test
3375,278_813,test
3376,278_813,test
3377,280_813,val
3378,280_813,val
3380,273_814,train
3381,273_814,train
3384,273_816,train
3385,273_816,train
3386,273_816,train
3387,277_815,train
3388,277_815,train
3389,272_815,train
3390,272_815,train
3391,273_817,val
3392,271_816,test
3393,271_816,test
3394,271_816,test
3395,278_813,test
3396,272_814,train
3397,272_814,train
3399,276_814,train
3400,276_814,train
3401,277_813,train
3402,277_813,train
3403,277_813,train
3404,277_813,train
3406,277_813,train
3407,279_814,train
3408,279_814,train
3409,279_814,train
3410,279_814,train
3411,279_814,train
3412,275_814,train
3414,274_818,train
3415,274_818,train
3416,270_815,val
3418,275_817,train
3419,275_816,test
3423,280_812,train
3424,280_812,train
3425,280_812,train
3426,280_812,train
3427,273_814,train
3428,273_814,train
3429,273_814,train
3430,273_814,train
3431,273_814,train
3432,272_816,train
3433,272_816,train
3434,281_812,train
3435,281_812,train
3436,272_815,train
3437,275_814,train
3438,275_814,train
3439,275_814,train
3440,277_813,train
3441,273_817,val
3442,273_817,val
3444,273_817,val
3445,273_817,val
3446,279_816,train
3447,279_816,train
3448,279_814,train
3449,274_814,train
3450,274_814,train
3452,277_815,train
3454,277_815,train
3457,275_817,train
3458,275_817,train
3460,276_815,train
3461,276_815,train
3463,277_814,train
3464,277_814,train
3465,278_815,test
3466,278_815,test
3467,278_815,test
3468,278_815,test
3469,278_815,test
3470,278_815,test
3471,279_816,train
3472,279_816,train
3473,278_815,test
3474,278_815,test
3476,276_813,val
3477,276_813,val
3478,275_815,train
3479,275_815,train
3481,275_815,train
3482,279_816,train
3484,279_816,train
3486,280_813,val
3487,277_814,train
3488,277_814,train
3489,277_814,train
3490,279_814,train
3491,274_815,train
3492,279_815,train
3493,279_815,train
3494,279_815,train
3495,278_814,val
3500,274_818,train
3501,277_814,train
3502,277_814,train
3503,276_813,val
3504,276_813,val
3505,279_812,val
3507,279_812,val
3508,278_814,val
3509,278_814,val
3510,278_814,val
3511,278_814,val
3512,272_816,train
3513,272_816,train
3514,272_816,train
3515,272_816,train
3516,274_818,train
3517,274_818,train
3519,278_814,val
3520,278_814,val
3522,280_813,val
3523,280_813,val
3524,274_815,train
3525,274_815,train
3526,274_815,train
3528,277_813,train
3529,276_815,train
3530,276_815,train
3531,273_817,val
3532,273_817,val
3533,273_815,train
3534,273_815,train
3535,277_813,train
3536,277_813,train
3537,274_819,test
3538,274_819,test
3539,274_819,test
3540,274_819,test
3541,274_819,test
3542,274_819,test
3543,277_815,train
3544,277_813,train
3545,277_813,train
3546,277_813,train
3547,277_813,train
3548,277_813,train
3549,277_813,train
3550,279_815,train
3551,279_815,train
3552,276_815,train
3553,276_815,train
3554,278_814,val
3555,278_814,val
3556,275_817,train
3557,275_817,train
3558,275_817,train
3559,275_817,train
3560,279_814,train
3562,276_815,train
3564,276_815,train
3565,274_814,train
3566,276_815,train
3567,275_813,test
3568,275_813,test
3569,275_813,test
3571,272_818,test
3572,272_818,test
3573,272_818,test
3574,272_818,test
3575,272_818,test
3576,274_819,test
3577,274_819,test
3578,274_819,test
3579,274_819,test
3580,274_815,train
3581,274_815,train
3582,277_813,train
3583,277_813,train
3585,277_813,train
3586,277_813,train
3587,272_816,train
3588,272_816,train
3589,272_816,train
3591,273_818,train
3592,273_818,train
3593,273_818,train
3594,272_816,train
3596,275_815,train
3597,274_814,train
3599,278_816,train
3601,275_817,train
3603,275_819,test
3604,275_819,test
3606,275_813,test
3607,275_813,test
3609,279_816,train
3611,273_818,train
3612,273_818,train
3613,273_818,train
3617,277_813,train
3618,280_815,train
3619,280_815,train
3620,278_816,train
3621,278_816,train
3623,275_814,train
3625,275_814,train
3626,280_812,train
3627,280_812,train
3628,280_812,train
3629,280_812,train
3631,274_819,test
3632,274_819,test
3633,274_819,test
3635,274_819,test
3636,193_835,val
3637,193_835,val
3638,193_835,val
3639,193_835,val
3640,190_839,train
3641,190_839,train
3642,190_839,train
3643,195_835,test
3644,195_835,test
3646,191_830,val
3647,191_830,val
3648,191_831,train
3649,191_831,train
3650,191_831,train
3651,191_831,train
3652,190_839,train
3653,190_839,train
3654,190_839,train
3655,190_838,train
3657,192_835,train
3658,192_835,train
3659,194_831,train
3661,192_833,train
3662,192_833,train
3663,192_833,train
3664,195_833,train
3666,194_832,train
3667,194_832,train
3668,194_832,train
3669,190_834,test
3670,190_834,test
3671,191_830,val
3672,191_830,val
3673,191_830,val
3674,191_830,val
3675,192_838,train
3676,195_835,test
3680,193_834,train
3681,193_834,train
3682,193_834,train
3683,193_834,train
3685,193_834,train
3691,193_838,train
3692,193_838,train
3693,193_838,train
3694,193_838,train
3695,193_838,train
3696,193_838,train
3698,193_831,train
3699,194_831,train
3702,191_837,train
3703,191_837,train
3704,192_833,train
3705,192_833,train
3706,194_838,train
3708,190_838,train
3709,190_838,train
3710,190_838,train
3713,195_835,test
3714,194_832,train
3715,194_832,train
3716,194_832,train
3718,196_835,train
3719,196_835,train
3721,195_832,train
3722,195_832,train
3723,193_835,val
3724,193_835,val
3725,193_835,val
3727,193_832,train
3728,193_832,train
3730,193_832,train
3731,191_834,train
3732,191_834,train
3733,191_834,train
3734,191_834,train
3735,191_834,train
3736,191_834,train
3737,194_830,train
3739,194_830,train
3740,193_830,train
3741,193_830,train
3742,193_830,train
3743,193_830,train
3744,192_834,val
3745,193_837,test
3746,193_837,test
3747,191_830,val
3748,191_830,val
3749,195_833,train
3750,195_833,train
3751,195_833,train
3753,194_833,train
3754,194_833,train
3755,194_833,train
3756,194_834,test
3761,193_835,val
3762,194_833,train
3763,193_834,train
3764,193_834,train
3765,190_835,val
3766,190_835,val
3767,190_835,val
3768,194_832,train
3769,193_835,val
3770,193_835,val
3771,192_835,train
3772,192_835,train
3775,196_839,train
3776,196_839,train
3777,196_839,train
3778,196_839,train
3779,196_839,train
3780,192_837,train
3781,190_837,val
3782,190_837,val
3783,190_837,val
3784,193_829,test
3785,191_833,train
3786,191_833,train
3787,191_833,train
3789,194_833,train
3790,194_833,train
3791,194_833,train
3793,192_830,test
3794,192_830,test
3795,193_835,val
3796,193_835,val
3797,193_835,val
3798,193_835,val
3799,193_835,val
3800,193_835,val
3802,193_838,train
3803,193_838,train
3805,193_834,train
3806,193_834,train
3807,193_834,train
3808,195_832,train
3810,191_838,train
3813,193_835,val
3814,193_835,val
3815,193_835,val
3816,193_835,val
3818,193_835,val
3819,191_833,train
3820,191_833,train
3821,191_833,train
3822,191_833,train
3823,193_835,val
3824,193_835,val
3825,193_835,val
3826,193_835,val
3827,193_838,train
3828,193_838,train
3829,193_838,train
3830,196_839,train
3831,196_839,train
3833,196_839,train
3834,196_839,train
3837,192_833,train
3839,192_834,val
3840,192_834,val
3841,192_834,val
3842,192_833,train
3843,192_834,val
3845,194_833,train
3847,191_837,train
3848,191_837,train
3849,191_837,train
3850,192_830,test
3851,192_830,test
3852,190_838,train
3853,190_838,train
3854,190_838,train
3856,192_837,train
3857,192_837,train
3858,192_837,train
3859,192_837,train
3860,192_837,train
3864,195_832,train
3865,189_837,val
3866,189_837,val
3867,189_837,val
3868,189_837,val
3869,189_837,val
3870,189_837,val
3873,195_835,test
3874,195_835,test
3875,192_835,train
3877,190_838,train
3878,192_838,train
3879,192_838,train
3880,191_837,train
3882,193_833,val
3883,193_833,val
3884,193_835,val
3885,193_835,val
3886,193_835,val
3887,193_835,val
3888,193_835,val
3890,195_838,train
3891,195_838,train
3892,195_838,train
3894,195_838,train
3895,195_838,train
3896,193_839,train
3897,193_839,train
3898,193_839,train
3899,193_839,train
3901,193_835,val
3902,193_835,val
3903,193_835,val
3904,193_834,train
3905,193_834,train
3906,193_834,train
3907,193_834,train
3908,193_834,train
3910,192_838,train
3911,192_838,train
3912,193_835,val
3913,193_835,val
3915,193_835,val
3916,192_836,train
3917,192_836,train
3918,192_836,train
3919,192_836,train
3920,192_836,train
3921,192_836,train
3922,190_839,train
3923,190_839,train
3924,190_839,train
3925,190_839,train
3926,190_839,train
3927,190_839,train
3928,195_832,train
3929,195_832,train
3930,195_832,train
3934,194_836,train
3936,194_836,train
3939,191_834,train
3942,191_834,train
3943,191_834,train
3945,194_830,train
3947,196_837,train
3948,196_837,train
3950,196_837,train
3951,196_837,train
3952,193_834,train
3953,193_834,train
3954,193_834,train
3955,190_835,val
3956,190_835,val
3957,190_835,val
3958,190_835,val
3959,190_835,val
3960,190_835,val
3962,195_838,train
3963,195_838,train
3964,195_838,train
3965,195_838,train
3966,195_838,train
3967,193_832,train
3970,193_832,train
3971,194_833,train
3972,193_830,train
3974,194_830,train
3976,193_838,train
3977,193_838,train
3978,193_835,val
3979,191_830,val
3980,191_830,val
3981,193_835,val
3982,191_837,train
3985,190_838,train
3986,190_838,train
3987,190_838,train
3988,190_838,train
3991,192_832,train
3992,192_832,train
3993,192_832,train
3994,191_834,train
3995,192_835,train
3996,192_835,train
3997,192_835,train
3999,192_835,train
4000,195_838,train
4001,195_838,train
4004,195_838,train
4005,195_838,train
4007,199_834,test
4008,199_834,test
4009,195_838,train
4010,195_838,train
4012,195_838,train
4013,195_838,train
4014,195_838,train
4015,196_839,train
4016,196_839,train
4017,196_839,train
4019,193_838,train
4021,193_838,train
4022,193_838,train
4023,193_838,train
4024,193_835,val
4025,192_829,train
4026,192_829,train
4027,194_836,train
4028,194_836,train
4029,194_836,train
4030,193_835,val
4031,193_835,val
4032,193_835,val
4033,196_835,train
4034,196_835,train
4035,196_835,train
4036,196_835,train
4037,196_835,train
4040,195_830,test
4041,195_830,test
4043,192_830,test
4045,192_830,test
4046,192_830,test
4047,190_834,test
4048,190_834,test
4050,190_834,test
4051,191_830,val
4052,191_830,val
4053,190_835,val
4054,190_835,val
4055,190_835,val
4056,190_835,val
4057,190_835,val
4062,193_835,val
4063,193_835,val
4064,192_838,train
4065,192_838,train
4066,192_838,train
4067,192_838,train
4072,193_829,test
4073,193_829,test
4074,192_838,train
4075,192_838,train
4076,192_838,train
4079,193_835,val
4080,193_835,val
4081,191_836,train
4082,195_835,test
4083,195_835,test
4084,195_835,test
4085,195_835,test
4086,192_829,train
4087,192_829,train
4088,192_833,train
4090,193_835,val
4091,192_833,train
4092,192_833,train
4093,192_833,train
4094,193_835,val
4095,193_835,val
4096,189_837,val
4097,189_837,val
4098,189_837,val
4099,189_837,val
4100,189_837,val
4101,189_837,val
4102,195_834,train
4103,195_834,train
4104,191_830,val
4106,191_830,val
4107,191_830,val
4108,192_837,train
4109,195_832,train
4110,195_832,train
4111,195_832,train
4112,195_832,train
4113,193_834,train
4114,193_834,train
4119,192_836,train
4120,192_836,train
4127,191_839,train
4128,190_839,train
4129,191_839,train
4130,195_838,train
4131,195_838,train
4132,195_838,train
4135,195_838,train
4138,196_836,val
4140,196_836,val
4142,192_833,train
4144,194_833,train
4146,192_834,val
4147,196_835,train
4149,196_835,train
4151,192_833,train
4156,192_833,train
4158,192_833,train
4159,192_833,train
4160,192_833,train
4162,195_835,test
4163,195_835,test
4164,195_835,test
4166,195_835,test
4167,192_833,train
4168,192_833,train
4169,194_833,train
4170,194_833,train
4174,195_835,test
4175,191_833,train
4176,191_833,train
4177,191_833,train
4180,194_833,train
4181,191_836,train
4185,191_836,train
4186,191_836,train
4187,191_838,train
4188,191_838,train
4189,192_829,train
4190,191_831,train
4191,191_831,train
4192,191_831,train
4193,191_831,train
4194,191_831,train
4195,194_833,train
4196,194_833,train
4198,194_833,train
4199,192_829,train
4201,190_835,val
4202,190_835,val
4203,190_835,val
4204,193_835,val
4205,193_835,val
4206,193_835,val
4207,193_835,val
4208,193_835,val
4209,195_837,train
4211,195_837,train
4213,191_830,val
4214,191_830,val
4215,191_830,val
4216,191_830,val
4217,191_830,val
4218,194_834,test
4219,194_834,test
4220,194_834,test
4221,193_838,train
4222,193_838,train
4223,193_838,train
4224,193_838,train
4225,196_835,train
4226,196_835,train
4227,196_835,train
4228,192_838,train
4231,194_832,train
4232,194_832,train
4233,192_838,train
4234,192_838,train
4235,192_835,train
4237,192_838,train
4238,192_838,train
4239,192_838,train
4241,193_835,val
4242,193_835,val
4243,193_835,val
4244,193_835,val
4245,193_835,val
4246,193_832,train
4247,193_832,train
4248,193_832,train
4249,193_832,train
4250,191_838,train
4251,191_838,train
4252,191_838,train
4253,191_838,train
4254,193_835,val
4255,191_837,train
4256,191_837,train
4257,191_837,train
4258,191_837,train
4262,193_829,test
4263,193_829,test
4264,194_829,val
4265,195_835,test
4269,195_835,test
4270,191_831,train
4271,191_830,val
4273,193_833,val
4274,191_837,train
4275,191_837,train
4276,191_837,train
4278,193_835,val
4279,193_835,val
4281,193_835,val
4282,193_835,val
4283,192_830,test
4284,192_830,test
4285,194_838,train
4286,194_838,train
4287,196_835,train
4288,196_835,train
4291,195_830,test
4292,191_831,train
4293,191_830,val
4294,191_831,train
4295,191_831,train
4296,191_830,val
4297,191_830,val
4298,190_838,train
4299,194_834,test
4301,194_834,test
4305,192_837,train
4306,194_834,test
4307,194_834,test
4308,191_838,train
4309,191_838,train
4310,191_838,train
4311,191_838,train
4312,193_835,val
4314,193_835,val
4315,193_835,val
4316,193_835,val
4317,193_835,val
4318,192_838,train
4319,192_838,train
4320,192_838,train
4322,194_833,train
4323,195_830,test
4324,195_830,test
4327,193_838,train
4330,193_832,train
4331,193_832,train
4332,193_832,train
4333,193_829,test
4334,190_833,val
4335,190_833,val
4336,190_833,val
4337,190_833,val
4338,190_833,val
4339,190_833,val
4340,192_835,train
4341,192_835,train
4342,192_835,train
4343,192_835,train
4344,192_835,train
4345,196_836,val
4347,196_836,val
4348,196_836,val
4352,199_834,test
4353,199_834,test
4354,199_834,test
4355,199_834,test
4356,199_834,test
4357,194_833,train
4358,194_833,train
4360,191_833,train
4361,191_833,train
4362,191_833,train
4363,191_833,train
4364,191_833,train
4368,194_834,test
4373,192_837,train
4375,192_837,train
4376,192_837,train
4377,192_837,train
4378,192_837,train
4379,193_838,train
4380,193_838,train
4381,193_838,train
4382,193_838,train
4383,193_838,train
4384,190_833,val
4385,190_833,val
4386,197_834,test
4387,197_834,test
4388,197_834,test
4393,194_835,train
4396,194_830,train
4398,191_837,train
4399,192_837,train
4400,191_833,train
4401,191_833,train
4402,195_833,train
4405,191_837,train
4407,191_837,train
4409,191_837,train
4410,194_833,train
4411,194_833,train
4412,194_833,train
4413,193_835,val
4414,193_835,val
4416,190_838,train
4420,194_836,train
4421,191_838,train
4423,191_838,train
4424,191_838,train
4425,191_838,train
4427,193_838,train
4429,191_830,val
4431,191_830,val
4432,191_830,val
4433,191_830,val
4434,192_833,train
4445,192_838,train
4446,192_838,train
4449,192_830,test
4453,193_835,val
4455,193_835,val
4456,193_835,val
4458,192_835,train
4459,192_835,train
4460,192_835,train
4461,192_835,train
4463,190_837,val
4464,192_839,train
4465,192_839,train
4466,192_839,train
4467,192_839,train
4468,192_839,train
4469,192_839,train
4470,193_835,val
4471,193_835,val
4476,193_835,val
4477,193_835,val
4479,193_835,val
4480,193_835,val
4481,190_838,train
4482,191_833,train
4484,191_833,train
4485,191_833,train
4486,191_833,train
4487,191_833,train
4488,192_835,train
4489,192_835,train
4490,192_835,train
4491,192_835,train
4492,191_835,train
4493,193_832,train
4494,193_832,train
4495,191_838,train
4497,191_838,train
4498,191_838,train
4499,191_838,train
4500,191_838,train
4501,193_832,train
4502,193_832,train
4503,193_832,train
4504,193_832,train
4506,192_830,test
4507,191_830,val
4508,192_830,test
4509,192_830,test
4510,196_839,train
4511,196_839,train
4513,196_839,train
4514,193_834,train
4515,193_834,train
4516,193_834,train
4517,194_833,train
4518,194_833,train
4519,194_833,train
4520,192_830,test
4521,191_830,val
4522,192_830,test
4523,192_830,test
4524,192_836,train
4525,192_836,train
4526,195_832,train
4527,195_832,train
4528,195_832,train
4530,194_831,train
4532,193_829,test
4533,193_829,test
4534,191_837,train
4535,195_837,train
4536,195_837,train
4537,192_838,train
4543,195_835,test
4545,195_835,test
4546,195_835,test
4547,190_838,train
4548,190_838,train
4552,192_833,train
4553,192_833,train
4554,192_833,train
4555,193_835,val
4556,193_835,val
4557,193_835,val
4558,193_835,val
4559,193_835,val
4560,193_835,val
4561,193_835,val
4562,193_835,val
4563,193_835,val
4564,191_838,train
4565,191_838,train
4567,191_838,train
4568,191_838,train
4570,191_831,train
4571,191_831,train
4573,190_837,val
4576,193_832,train
4577,193_832,train
4578,193_832,train
4579,193_832,train
4581,191_833,train
4582,191_833,train
4583,191_833,train
4584,191_833,train
4585,191_833,train
4586,191_837,train
4587,191_837,train
4588,191_837,train
4591,191_837,train
4592,191_839,train
4593,191_839,train
4594,191_839,train
4595,191_839,train
4596,191_839,train
4597,191_839,train
4598,191_839,train
4600,191_839,train
4603,194_833,train
4604,194_832,train
4605,194_833,train
4607,195_835,test
4608,194_834,test
4613,191_838,train
4615,191_838,train
4616,199_834,test
4617,192_830,test
4618,190_837,val
4619,192_829,train
4621,192_829,train
4622,192_829,train
4623,195_832,train
4624,195_832,train
4625,195_832,train
4626,194_832,train
4630,193_835,val
4631,193_835,val
4632,193_835,val
4634,195_833,train
4635,195_833,train
4636,193_833,val
4637,194_832,train
4638,194_832,train
4639,194_832,train
4640,191_838,train
4641,191_838,train
4642,191_838,train
4643,191_838,train
4645,191_838,train
4646,190_839,train
4647,190_839,train
4649,190_838,train
4650,194_833,train
4652,194_833,train
4653,195_832,train
4654,195_832,train
4655,194_833,train
4656,194_833,train
4657,191_831,train
4658,194_834,test
4659,194_834,test
4660,194_834,test
4661,194_834,test
4663,194_834,test
4664,190_838,train
4665,193_834,train
4667,193_834,train
4668,192_830,test
4670,192_833,train
4672,192_833,train
4674,192_833,train
4675,194_833,train
4676,194_833,train
4677,193_838,train
4678,193_838,train
4679,191_837,train
4681,196_835,train
4683,196_835,train
4684,196_835,train
4685,196_835,train
4687,192_835,train
4688,192_835,train
4690,192_835,train
4691,196_835,train
4692,196_835,train
4693,196_835,train
4694,196_835,train
4698,199_834,test
4699,199_834,test
4700,192_834,val
4701,190_838,train
4702,190_839,train
4703,190_839,train
4709,191_830,val
4710,191_831,train
4711,193_830,train
4712,193_830,train
4713,191_838,train
4716,193_835,val
4721,194_833,train
4722,194_833,train
4723,191_830,val
4725,191_831,train
4726,191_831,train
4727,191_830,val
4728,191_830,val
4729,193_834,train
4730,193_835,val
4731,193_835,val
4732,190_838,train
4737,193_833,val
4738,191_830,val
4739,191_830,val
4740,191_830,val
4742,193_834,train
4744,194_833,train
4745,197_835,val
4747,197_835,val
4748,190_839,train
4751,192_837,train
4752,192_837,train
4753,190_838,train
4754,193_838,train
4755,193_838,train
4756,193_835,val
4757,190_836,train
4758,190_836,train
4762,189_837,val
4763,191_831,train
4764,191_831,train
4765,191_831,train
4766,191_831,train
4767,191_831,train
4771,193_831,train
4773,193_831,train
4774,193_833,val
4775,190_837,val
4776,190_837,val
4777,192_836,train
4782,192_836,train
4783,190_835,val
4784,190_835,val
4785,190_835,val
4786,190_835,val
4787,190_835,val
4788,190_835,val
4789,190_839,train
4790,190_839,train
4791,190_839,train
4793,191_831,train
4794,191_830,val
4796,191_830,val
4797,191_831,train
4798,192_838,train
4800,192_838,train
4801,192_838,train
4802,193_835,val
4804,193_835,val
4805,192_832,train
4806,192_832,train
4807,192_832,train
4808,193_835,val
4809,193_835,val
4810,193_835,val
4812,193_835,val
4813,193_835,val
4814,192_835,train
4815,192_835,train
4816,195_834,train
4818,195_834,train
4819,195_834,train
4820,195_834,train
4823,190_830,train
4825,190_830,train
4830,192_835,train
4831,192_835,train
4832,192_835,train
4833,192_835,train
4834,192_835,train
4835,192_835,train
4838,195_833,train
4839,195_833,train
4842,191_830,val
4843,191_834,train
4844,191_834,train
4846,193_838,train
4850,192_835,train
4852,190_835,val
4853,190_835,val
4854,190_835,val
4856,190_835,val
4857,190_837,val
4858,190_837,val
4859,190_837,val
4860,195_833,train
4861,195_833,train
4863,191_838,train
4864,194_833,train
4865,194_833,train
4867,193_835,val
4869,197_835,val
4873,197_835,val
4875,190_839,train
4876,190_839,train
4877,190_839,train
4879,190_837,val
4880,190_837,val
4881,192_830,test
4882,192_830,test
4883,192_830,test
4884,193_837,test
4885,193_837,test
4886,193_838,train
4887,193_838,train
4888,190_838,train
4889,191_839,train
4891,193_838,train
4892,191_839,train
4893,191_839,train
4894,193_830,train
4896,193_830,train
4898,192_835,train
4901,190_839,train
4902,190_839,train
4903,192_830,test
4904,192_830,test
4906,192_830,test
4908,195_837,train
4910,190_838,train
4911,190_838,train
4913,192_834,val
4914,195_835,test
4916,195_835,test
4918,192_833,train
4919,192_833,train
4922,191_833,train
4924,191_833,train
4926,191_837,train
4929,190_835,val
4930,190_835,val
4932,190_835,val
4933,190_835,val
4934,190_835,val
4937,194_833,train
4938,194_832,train
4941,194_834,test
4942,194_834,test
4944,192_836,train
4945,192_836,train
4946,192_836,train
4948,192_836,train
4949,193_838,train
4950,193_838,train
4951,193_838,train
4952,193_838,train
4953,193_838,train
4960,192_837,train
4962,193_829,test
4965,193_834,train
4967,193_834,train
4968,190_839,train
4969,190_839,train
4970,190_839,train
4974,193_835,val
4975,193_835,val
4976,193_835,val
4977,193_835,val
4978,194_834,test
4979,194_834,test
4981,194_834,test
4982,194_834,test
4983,194_834,test
4984,196_837,train
4985,196_837,train
4987,196_837,train
4988,196_837,train
4989,196_837,train
4990,194_832,train
4991,194_832,train
4992,194_832,train
4993,191_838,train
4994,191_838,train
4995,191_838,train
4996,191_838,train
4999,194_832,train
5000,194_832,train
5002,194_832,train
5003,194_832,train
5004,194_832,train
5006,190_835,val
5007,190_835,val
5008,190_835,val
5009,196_835,train
5010,196_835,train
5011,196_835,train
5012,196_835,train
5013,196_835,train
5014,191_836,train
5015,191_836,train
5016,191_836,train
5017,191_836,train
5019,194_835,train
5020,194_835,train
5021,194_835,train
5022,194_835,train
5023,194_835,train
5024,192_837,train
5025,192_837,train
5026,194_833,train
5028,193_838,train
5029,196_837,train
5030,196_837,train
5031,190_837,val
5032,190_837,val
5033,190_837,val
5034,190_837,val
5035,190_837,val
5036,190_837,val
5037,194_834,test
5038,194_834,test
5039,194_834,test
5040,192_835,train
5041,192_835,train
5042,194_838,train
5043,194_838,train
5044,198_834,train
5045,198_834,train
5046,198_834,train
5047,198_834,train
5048,198_834,train
5049,198_834,train
5050,196_837,train
5052,191_833,train
5053,191_833,train
5054,191_833,train
5055,195_838,train
5056,195_838,train
5057,195_838,train
5058,195_838,train
5059,195_838,train
5060,195_838,train
5062,192_836,train
5065,192_836,train
5066,192_836,train
5067,192_836,train
5069,191_838,train
5070,191_838,train
5071,191_838,train
5072,191_838,train
5074,191_839,train
5075,191_839,train
5076,191_839,train
5077,195_832,train
5078,195_832,train
5079,195_835,test
5080,195_835,test
5082,195_835,test
5083,195_835,test
5084,191_837,train
5085,191_837,train
5087,191_837,train
5088,191_837,train
5089,191_837,train
5090,191_838,train
5091,191_838,train
5093,191_838,train
5094,191_838,train
5095,191_838,train
5100,195_835,test
5101,195_835,test
5102,192_829,train
5104,192_829,train
5107,190_835,val
5108,190_835,val
5109,190_835,val
5110,190_835,val
5112,194_833,train
5113,191_830,val
5114,191_830,val
5116,191_830,val
5117,191_830,val
5118,191_830,val
5119,194_833,train
5120,194_833,train
5121,194_833,train
5123,195_833,train
5124,191_831,train
5125,191_831,train
5126,191_831,train
5129,198_834,train
5130,198_834,train
5132,198_834,train
5133,198_834,train
5134,198_834,train
5135,193_835,val
5136,193_835,val
5137,193_835,val
5138,193_835,val
5139,193_835,val
5140,193_835,val
5141,193_835,val
5142,192_837,train
5144,195_838,train
5145,195_838,train
5146,195_838,train
5147,195_838,train
5148,195_838,train
5149,195_838,train
5151,194_834,test
5152,194_834,test
5153,193_835,val
5154,194_832,train
5155,194_832,train
5156,194_832,train
5157,191_836,train
5158,195_835,test
5161,193_832,train
5162,193_832,train
5163,194_830,train
5164,194_830,train
5166,193_834,train
5167,193_834,train
5168,194_833,train
5169,192_836,train
5171,192_836,train
5172,192_836,train
5174,192_836,train
5177,192_834,val
5178,192_834,val
5179,195_832,train
5180,195_832,train
5181,192_838,train
5183,192_838,train
5187,192_838,train
5188,192_838,train
5189,190_835,val
5190,190_835,val
5191,190_835,val
5192,190_835,val
5193,193_835,val
5194,193_835,val
5195,193_835,val
5199,196_836,val
5200,196_836,val
5202,196_836,val
5203,192_838,train
5204,192_838,train
5205,192_838,train
5206,191_833,train
5207,191_833,train
5208,191_833,train
5209,191_833,train
5210,195_838,train
5211,195_838,train
5212,195_838,train
5213,195_838,train
5215,195_838,train
5216,191_839,train
5220,193_834,train
5226,193_835,val
5227,190_839,train
5228,190_839,train
5229,190_839,train
5231,192_829,train
5232,193_829,test
5234,191_839,train
5235,191_839,train
5237,191_838,train
5238,191_838,train
5239,191_838,train
5241,193_832,train
5242,193_832,train
5243,193_832,train
5244,193_832,train
5245,191_837,train
5246,192_830,test
5247,192_830,test
5248,192_830,test
5249,192_830,test
5251,192_837,train
5252,192_837,train
5255,192_837,train
5256,192_837,train
5258,194_830,train
5259,191_830,val
5260,192_834,val
5262,190_835,val
5263,190_835,val
5265,251_772,val
5266,251_772,val
5267,247_766,test
5268,247_766,test
5269,246_766,train
5270,246_766,train
5271,246_766,train
5272,246_766,train
5273,251_764,train
5275,251_768,train
5276,244_767,train
5277,244_767,train
5279,250_763,train
5280,253_764,train
5281,253_764,train
5282,253_764,train
5283,246_766,train
5284,246_766,train
5285,246_766,train
5286,246_766,train
5287,253_768,train
5291,252_762,test
5292,246_768,test
5293,246_768,test
5294,246_768,test
5295,246_768,test
5298,253_763,train
5299,248_766,train
5300,248_766,train
5302,248_766,train
5303,245_770,val
5305,245_770,val
5306,245_770,val
5307,245_770,val
5308,247_765,train
5309,251_767,train
5310,247_765,train
5311,247_765,train
5312,247_765,train
5313,247_765,train
5314,247_765,train
5315,247_765,train
5316,247_765,train
5317,247_765,train
5318,247_765,train
5319,247_765,train
5320,251_769,train
5322,251_769,train
5323,253_772,train
5324,253_772,train
5325,253_772,train
5326,253_772,train
5327,251_764,train
5328,251_764,train
5331,251_764,train
5332,251_764,train
5333,251_764,train
5334,248_768,train
5335,244_767,train
5336,244_767,train
5337,244_767,train
5338,244_767,train
5339,246_767,train
5340,248_764,train
5344,246_770,test
5345,246_770,test
5346,246_770,test
5347,245_770,val
5348,252_763,val
5349,253_772,train
5350,253_772,train
5351,253_772,train
5352,252_764,test
5353,252_764,test
5354,252_764,test
5355,252_764,test
5356,252_764,test
5357,252_764,test
5358,246_766,train
5359,246_766,train
5361,246_766,train
5362,246_766,train
5364,250_766,train
5365,246_766,train
5366,246_766,train
5367,246_766,train
5369,246_766,train
5371,251_769,train
5373,251_769,train
5374,253_763,train
5375,253_763,train
5376,253_763,train
5377,252_762,test
5378,252_762,test
5379,252_762,test
5380,252_762,test
5381,252_762,test
5382,252_762,test
5383,252_768,test
5384,248_765,test
5385,248_765,test
5386,248_765,test
5387,250_767,train
5388,250_767,train
5391,244_766,val
5392,244_766,val
5393,244_766,val
5394,246_766,train
5396,246_766,train
5397,246_766,train
5398,253_763,train
5399,253_763,train
5400,252_763,val
5402,252_763,val
5403,252_763,val
5404,252_763,val
5405,251_769,train
5406,246_768,test
5409,246_768,test
5410,246_768,test
5413,252_765,train
5414,252_765,train
5415,252_765,train
5417,245_768,train
5419,245_768,train
5420,245_768,train
5421,245_768,train
5422,245_768,train
5423,252_766,train
5424,248_766,train
5425,248_766,train
5426,248_766,train
5427,248_766,train
5428,246_766,train
5430,246_766,train
5431,252_770,train
5433,252_770,train
5434,252_770,train
5435,251_765,train
5436,251_765,train
5437,251_765,train
5439,251_765,train
5442,247_765,train
5443,248_766,train
5444,248_766,train
5445,248_766,train
5446,246_767,train
5447,246_766,train
5448,246_766,train
5449,246_766,train
5450,246_766,train
5451,245_769,val
5453,245_769,val
5454,245_769,val
5455,245_769,val
5456,245_769,val
5457,249_768,train
5458,249_768,train
5460,249_768,train
5462,246_766,train
5464,246_766,train
5465,246_767,train
5466,251_772,val
5467,251_766,train
5468,251_766,train
5469,252_772,val
5470,251_766,train
5471,252_763,val
5474,246_767,train
5475,252_768,test
5476,252_762,test
5477,246_769,test
5478,246_769,test
5480,246_769,test
5481,246_769,test
5483,251_767,train
5484,251_767,train
5485,251_767,train
5486,251_767,train
5487,251_767,train
5489,245_768,train
5490,245_768,train
5491,245_768,train
5492,245_768,train
5493,245_768,train
5494,250_763,train
5498,252_770,train
5499,252_770,train
5501,244_768,test
5502,244_768,test
5503,251_766,train
5504,251_766,train
5506,251_772,val
5507,251_772,val
5510,251_772,val
5511,251_772,val
5512,252_772,val
5513,248_768,train
5514,248_766,train
5515,248_766,train
5516,248_766,train
5517,248_766,train
5518,248_766,train
5519,248_766,train
5520,250_763,train
5521,250_763,train
5522,250_763,train
5523,250_763,train
5524,247_766,test
5525,247_766,test
5526,247_766,test
5527,247_766,test
5528,252_768,test
5530,251_771,train
5531,245_768,train
5533,245_768,train
5534,244_767,train
5535,244_767,train
5536,244_767,train
5537,244_767,train
5539,252_766,train
5540,250_765,train
5541,250_765,train
5542,250_765,train
5543,250_765,train
5544,248_769,train
5545,248_769,train
5547,245_766,train
5548,245_766,train
5549,252_763,val
5550,252_763,val
5551,252_763,val
5552,245_766,train
5553,245_766,train
5554,251_766,train
5555,246_767,train
5556,252_763,val
5558,252_764,test
5559,251_763,val
5560,251_764,train
5561,251_764,train
5562,251_764,train
5563,251_764,train
5565,250_766,train
5566,253_764,train
5567,253_764,train
5568,251_771,train
5569,251_771,train
5571,251_771,train
5572,252_772,val
5573,252_772,val
5574,252_772,val
5575,245_770,val
5576,245_770,val
5577,253_771,train
5578,253_770,test
5579,253_770,test
5580,245_768,train
5581,245_768,train
5582,245_768,train
5584,245_768,train
5586,247_766,test
5588,248_767,val
5589,247_766,test
5591,245_768,train
5592,245_768,train
5593,245_768,train
5594,245_768,train
5596,245_768,train
5597,251_769,train
5598,251_769,train
5599,250_765,train
5602,250_765,train
5603,250_765,train
5604,245_769,val
5606,253_772,train
5607,253_772,train
5608,253_772,train
5609,245_766,train
5611,252_762,test
5612,252_762,test
5614,250_763,train
5615,247_766,test
5617,250_765,train
5618,250_765,train
5620,250_765,train
5621,248_765,test
5624,248_765,test
5626,246_766,train
5627,246_766,train
5628,244_767,train
5629,244_767,train
5630,244_767,train
5631,251_768,train
5633,251_768,train
5634,252_766,train
5635,254_765,train
5637,254_765,train
5639,252_772,val
5640,252_772,val
5641,252_772,val
5642,252_772,val
5643,248_766,train
5644,253_763,train
5645,253_763,train
5646,246_767,train
5650,252_762,test
5651,252_762,test
5653,245_770,val
5655,245_770,val
5656,245_770,val
5657,250_767,train
5658,250_767,train
5659,250_767,train
5660,245_766,train
5661,245_766,train
5662,245_766,train
5663,251_772,val
5664,251_772,val
5665,245_766,train
5667,247_766,test
5668,248_766,train
5669,248_766,train
5670,247_766,test
5671,247_766,test
5672,251_768,train
5673,250_769,train
5674,250_769,train
5675,250_769,train
5677,251_763,val
5678,251_763,val
5679,251_763,val
5680,251_764,train
5682,246_770,test
5683,246_770,test
5685,251_772,val
5687,251_772,val
5688,245_770,val
5689,246_767,train
5692,246_767,train
5693,246_767,train
5695,252_765,train
5696,251_765,train
5697,245_768,train
5698,251_772,val
5699,251_772,val
5700,251_772,val
5701,251_772,val
5702,251_772,val
5704,248_766,train
5706,248_766,train
5708,250_765,train
5709,244_767,train
5710,251_765,train
5711,251_769,train
5712,251_769,train
5713,253_772,train
5715,244_767,train
5716,244_767,train
5717,248_764,train
5719,247_764,test
5720,246_766,train
5721,247_765,train
5722,247_764,test
5723,247_764,test
5725,253_772,train
5726,253_772,train
5727,253_772,train
5728,253_772,train
5729,244_767,train
5730,245_767,train
5731,245_767,train
5732,244_767,train
5733,252_768,test
5734,252_768,test
5735,248_765,test
5736,248_765,test
5738,248_765,test
5739,246_767,train
5740,248_764,train
5741,248_764,train
5742,252_769,train
5744,245_765,train
5746,245_765,train
5747,245_765,train
5748,245_769,val
5749,245_769,val
5751,245_769,val
5752,245_770,val
5753,252_770,train
5754,252_770,train
5755,252_770,train
5756,251_769,train
5757,251_769,train
5758,251_769,train
5760,252_762,test
5762,252_762,test
5763,252_762,test
5765,247_765,train
5766,250_765,train
5767,251_763,val
5768,251_763,val
5769,249_766,train
5770,249_766,train
5771,249_766,train
5772,249_766,train
5773,249_766,train
5774,247_765,train
5775,252_766,train
5776,252_766,train
5777,252_766,train
5778,252_766,train
5779,252_766,train
5780,252_766,train
5781,251_767,train
5782,251_767,train
5783,251_767,train
5784,251_767,train
5786,251_767,train
5787,250_767,train
5788,250_767,train
5789,250_767,train
5790,245_766,train
5791,245_766,train
5792,250_765,train
5794,250_765,train
5795,250_766,train
5796,250_765,train
5797,250_765,train
5798,252_769,train
5799,244_767,train
5800,244_767,train
5802,244_767,train
5803,250_769,train
5804,250_769,train
5806,245_767,train
5807,250_766,train
5808,250_766,train
5809,250_766,train
5810,245_770,val
5811,245_770,val
5812,245_770,val
5814,245_770,val
5815,247_766,test
5816,247_766,test
5817,247_766,test
5818,252_763,val
5819,248_767,val
5820,248_767,val
5822,246_768,test
5823,246_768,test
5824,246_768,test
5825,246_768,test
5826,253_766,train
5827,244_767,train
5829,244_767,train
5831,248_764,train
5834,252_769,train
5835,250_769,train
5836,250_769,train
5837,245_770,val
5838,245_770,val
5839,245_770,val
5841,245_767,train
5842,251_767,train
5843,251_767,train
5844,251_767,train
5845,251_767,train
5848,252_766,train
5849,251_764,train
5850,251_764,train
5851,251_764,train
5852,251_764,train
5853,252_772,val
5855,251_768,train
5856,251_768,train
5857,251_768,train
5858,251_768,train
5859,251_768,train
5861,251_768,train
5862,251_768,train
5864,244_770,train
5865,252_763,val
5866,252_763,val
5867,252_763,val
5868,252_762,test
5869,252_762,test
5870,252_762,test
5871,252_762,test
5872,252_762,test
5873,252_763,val
5874,246_766,train
5875,246_767,train
5876,246_767,train
5877,245_770,val
5878,245_770,val
5879,245_770,val
5880,250_769,train
5882,250_769,train
5884,252_770,train
5885,252_770,train
5886,247_765,train
5888,247_765,train
5889,247_765,train
5890,248_764,train
5891,248_764,train
5892,248_764,train
5893,251_772,val
5894,251_772,val
5895,251_772,val
5896,251_772,val
5897,251_772,val
5902,247_765,train
5903,252_772,val
5904,252_772,val
5905,247_765,train
5906,247_765,train
5907,254_765,train
5910,252_772,val
5911,252_762,test
5912,252_765,train
5913,252_765,train
5914,252_765,train
5915,252_765,train
5916,252_765,train
5917,252_765,train
5918,254_765,train
5919,254_765,train
5920,254_765,train
5921,251_763,val
5922,251_763,val
5925,244_766,val
5926,244_766,val
5927,244_766,val
5928,244_766,val
5930,244_766,val
5931,252_772,val
5932,246_766,train
5934,246_766,train
5936,247_766,test
5937,247_766,test
5938,251_768,train
5939,245_767,train
5941,252_772,val
5942,245_768,train
5945,245_768,train
5946,247_765,train
5947,247_765,train
5949,247_767,train
5950,251_768,train
5951,251_768,train
5953,251_768,train
5954,251_768,train
5955,251_768,train
5956,245_765,train
5957,245_765,train
5959,245_765,train
5960,245_765,train
5961,247_765,train
5962,247_765,train
5963,246_766,train
5964,246_766,train
5965,246_766,train
5966,246_766,train
5967,252_766,train
5968,252_766,train
5969,251_763,val
5970,251_763,val
5971,251_763,val
5973,246_770,test
5974,246_770,test
5975,246_770,test
5977,246_770,test
5978,246_770,test
5979,252_764,test
5980,251_764,train
5981,251_764,train
5982,251_764,train
5983,252_764,test
5984,251_764,train
5986,252_772,val
5987,252_772,val
5988,252_772,val
5989,252_766,train
5990,252_766,train
5991,252_766,train
5992,252_766,train
5993,251_772,val
5994,251_772,val
5996,251_772,val
5997,251_772,val
5998,251_772,val
6000,254_765,train
6001,252_766,train
6002,252_766,train
6003,247_767,train
6004,248_768,train
6005,248_768,train
6006,246_766,train
6008,246_766,train
6009,253_763,train
6010,253_763,train
6011,253_763,train
6012,246_766,train
6013,246_766,train
6015,246_766,train
6016,252_762,test
6017,252_762,test
6018,245_766,train
6019,246_766,train
6020,248_766,train
6021,248_766,train
6022,252_769,train
6023,252_769,train
6024,248_767,val
6025,248_767,val
6026,248_767,val
6027,248_767,val
6028,248_767,val
6029,248_767,val
6031,245_768,train
6034,245_768,train
6035,252_762,test
6036,252_762,test
6037,252_762,test
6038,245_766,train
6039,245_766,train
6040,250_763,train
6041,250_763,train
6042,250_763,train
6043,250_763,train
6044,250_763,train
6045,250_763,train
6048,251_762,train
6049,246_766,train
6051,246_766,train
6054,245_770,val
6055,245_770,val
6056,245_770,val
6057,245_770,val
6059,252_762,test
6060,247_766,test
6061,252_763,val
6062,246_768,test
6063,246_768,test
6065,248_766,train
6066,248_766,train
6067,248_767,val
6068,248_767,val
6070,245_767,train
6071,245_767,train
6073,252_772,val
6074,252_772,val
6075,251_772,val
6079,251_772,val
6080,251_772,val
6081,252_765,train
6082,252_765,train
6083,252_765,train
6084,252_765,train
6086,252_765,train
6087,247_766,test
6088,254_772,train
6089,253_772,train
6090,245_768,train
6091,245_768,train
6092,245_767,train
6093,245_767,train
6094,247_766,test
6095,247_766,test
6096,245_770,val
6097,251_765,train
6098,251_765,train
6099,248_765,test
6101,248_765,test
6102,248_765,test
6103,252_762,test
6104,252_762,test
6106,253_765,val
6107,253_764,train
6108,253_764,train
6109,244_767,train
6110,244_767,train
6111,244_767,train
6112,244_767,train
6113,244_767,train
6116,252_770,train
6117,247_764,test
6118,251_764,train
6119,251_764,train
6121,248_767,val
6122,248_767,val
6123,251_766,train
6124,244_767,train
6125,244_767,train
6127,245_768,train
6128,245_768,train
6129,245_768,train
6130,245_768,train
6131,246_766,train
6132,246_766,train
6133,246_766,train
6134,246_766,train
6135,246_766,train
6138,246_766,train
6139,246_766,train
6142,246_766,train
6143,251_765,train
6144,251_765,train
6145,251_765,train
6146,251_765,train
6147,246_767,train
6149,253_768,train
6150,253_768,train
6151,246_769,test
6152,245_769,val
6153,245_769,val
6155,245_769,val
6156,245_769,val
6157,248_766,train
6158,248_766,train
6159,248_766,train
6160,248_766,train
6161,248_766,train
6164,248_765,test
6165,248_765,test
6166,244_767,train
6167,244_767,train
6168,252_768,test
6170,245_766,train
6171,252_765,train
6172,252_765,train
6173,252_765,train
6174,250_763,train
6175,250_763,train
6176,246_766,train
6177,244_767,train
6178,249_766,train
6179,250_765,train
6180,250_765,train
6181,250_765,train
6183,245_767,train
6184,245_767,train
6185,245_768,train
6186,251_765,train
6188,249_765,train
6190,249_765,train
6191,249_765,train
6193,249_766,train
6194,251_763,val
6196,252_770,train
6197,252_770,train
6198,252_770,train
6199,252_770,train
6201,252_770,train
6202,250_768,test
6203,244_767,train
6204,244_767,train
6205,246_770,test
6206,246_770,test
6207,246_770,test
6208,252_765,train
6211,252_769,train
6212,252_769,train
6213,251_765,train
6214,251_765,train
6215,251_765,train
6216,251_765,train
6218,250_763,train
6220,251_772,val
6221,251_772,val
6222,251_772,val
6223,251_772,val
6225,247_767,train
6227,247_767,train
6228,247_767,train
6229,247_767,train
6230,251_762,train
6231,251_762,train
6232,251_763,val
6233,251_768,train
6234,250_767,train
6235,250_767,train
6236,250_767,train
6237,250_767,train
6238,248_764,train
6239,248_764,train
6240,246_767,train
6242,250_765,train
6243,250_765,train
6244,250_765,train
6245,245_767,train
6246,245_768,train
6248,245_768,train
6249,245_768,train
6251,248_766,train
6252,248_766,train
6253,248_766,train
6254,244_768,test
6255,244_768,test
6256,245_766,train
6257,251_772,val
6258,251_772,val
6260,251_772,val
6261,251_772,val
6262,251_772,val
6263,251_772,val
6268,248_764,train
6271,253_765,val
6272,253_765,val
6273,253_765,val
6274,247_767,train
6275,247_764,test
6276,247_765,train
6277,250_763,train
6278,250_763,train
6279,250_763,train
6280,250_763,train
6281,251_771,train
6282,251_771,train
6283,245_766,train
6284,245_766,train
6286,245_768,train
6287,245_768,train
6288,245_768,train
6289,244_767,train
6290,244_767,train
6291,244_767,train
6292,244_767,train
6293,247_766,test
6294,247_766,test
6296,254_765,train
6297,254_765,train
6298,254_765,train
6299,252_765,train
6300,252_765,train
6301,252_765,train
6302,252_765,train
6304,252_765,train
6308,253_877,val
6312,255_873,train
6313,255_873,train
6317,255_873,train
6319,254_873,train
6320,256_875,test
6322,256_873,train
6323,256_873,train
6324,256_873,train
6325,256_873,train
6326,255_879,val
6328,255_879,val
6329,253_876,train
6330,253_877,val
6331,256_874,val
6332,256_874,val
6333,256_874,val
6334,256_874,val
6335,253_877,val
6336,253_877,val
6337,253_877,val
6338,253_877,val
6339,256_877,train
6340,255_873,train
6341,255_873,train
6342,252_877,train
6344,252_877,train
6345,252_877,train
6347,255_873,train
6348,255_873,train
6350,255_873,train
6351,256_874,val
6353,256_874,val
6354,256_873,train
6355,256_873,train
6357,257_878,test
6361,257_878,test
6362,255_878,test
6363,255_878,test
6364,255_878,test
6365,255_878,test
6367,258_878,train
6368,258_878,train
6369,257_879,train
6370,257_879,train
6372,257_879,train
6374,257_879,train
6375,255_874,val
6376,255_874,val
6377,256_873,train
6380,256_876,test
6382,256_874,val
6383,256_874,val
6385,255_878,test
6386,255_878,test
6387,256_873,train
6389,255_874,val
6390,255_874,val
6392,255_874,val
6393,256_874,val
6394,256_873,train
6395,256_874,val
6396,256_876,test
6397,256_876,test
6398,256_877,train
6400,256_877,train
6401,255_874,val
6402,255_874,val
6403,257_877,test
6405,255_878,test
6406,255_878,test
6407,256_874,val
6408,256_874,val
6409,256_874,val
6410,256_874,val
6412,256_874,val
6413,255_878,test
6415,255_874,val
6416,256_877,train
6417,256_877,train
6418,256_878,train
6419,256_878,train
6420,256_878,train
6422,255_879,val
6423,255_879,val
6425,255_879,val
6426,253_877,val
6428,255_878,test
6429,255_878,test
6436,255_873,train
6437,253_876,train
6440,254_876,test
6441,254_876,test
6443,256_877,train
6444,256_877,train
6445,256_877,train
6446,256_877,train
6447,257_877,test
6448,257_877,test
6450,256_875,test
6451,256_875,test
6455,253_877,val
6456,253_877,val
6458,255_872,test
6459,255_872,test
6460,255_872,test
6461,255_872,test
6462,255_875,val
6463,255_875,val
6464,255_875,val
6465,255_875,val
6466,255_875,val
6468,256_874,val
6469,256_874,val
6472,254_872,test
6473,254_872,test
6474,254_872,test
6475,254_872,test
6476,255_878,test
6480,255_878,test
6481,255_878,test
6482,254_874,val
6486,256_873,train
6487,255_873,train
6488,254_875,train
6489,256_877,train
6492,255_876,train
6493,255_876,train
6494,254_873,train
6495,254_873,train
6496,254_873,train
6497,254_873,train
6502,256_878,train
6504,256_878,train
6505,255_875,val
6506,255_875,val
6510,255_872,test
6511,256_873,train
6512,256_873,train
6513,256_873,train
6515,256_873,train
6516,256_873,train
6517,254_876,test
6518,254_877,val
6519,257_878,test
6521,257_878,test
6523,257_878,test
6524,257_878,test
6526,254_874,val
6528,256_877,train
6529,256_877,train
6530,257_877,test
6531,256_877,train
6532,256_879,test
6535,257_878,test
6536,257_878,test
6537,257_878,test
6538,257_878,test
6541,254_877,val
6543,256_877,train
6544,256_877,train
6545,256_877,train
6546,256_877,train
6547,257_878,test
6549,257_878,test
6553,256_880,val
6554,256_880,val
6555,256_880,val
6556,256_880,val
6558,256_880,val
6559,254_877,val
6560,254_877,val
6561,254_877,val
6562,254_877,val
6564,254_872,test
6565,254_872,test
6566,256_878,train
6567,256_878,train
6568,256_878,train
6569,256_878,train
6570,255_876,train
6571,255_879,val
6572,255_879,val
6575,256_874,val
6576,256_874,val
6578,253_876,train
6579,253_876,train
6580,253_876,train
6582,257_878,test
6583,257_878,test
6585,255_874,val
6586,255_874,val
6588,255_874,val
6589,254_875,train
6590,254_875,train
6592,254_875,train
6593,255_876,train
6594,255_879,val
6595,256_874,val
6598,256_874,val
6599,255_873,train
6600,255_874,val
6602,255_874,val
6604,255_878,test
6606,257_876,test
6607,257_876,test
6609,254_876,test
6610,256_878,train
6613,255_876,train
6614,255_876,train
6615,255_876,train
6616,255_876,train
6617,255_876,train
6618,256_873,train
6619,256_873,train
6623,254_878,test
6624,254_875,train
6625,254_875,train
6627,257_876,test
6628,254_876,test
6629,254_876,test
6630,254_876,test
6631,254_876,test
6632,254_877,val
6633,254_876,test
6635,253_877,val
6636,255_872,test
6637,255_872,test
6638,255_872,test
6640,256_879,test
6641,256_879,test
6642,256_879,test
6645,254_874,val
6647,254_874,val
6650,256_876,test
6653,255_875,val
6655,256_873,train
6656,256_873,train
6658,256_873,train
6661,254_876,test
6663,255_872,test
6666,255_872,test
6667,258_878,train
6668,258_878,train
6670,258_878,train
6671,257_878,test
6672,257_877,test
6674,256_876,test
6676,257_877,test
6677,257_877,test
6678,256_873,train
6679,256_873,train
6681,256_873,train
6683,257_878,test
6684,257_878,test
6687,257_878,test
6689,256_873,train
6692,257_878,test
6694,256_877,train
6696,256_877,train
6698,257_879,train
6700,257_878,test
6702,257_878,test
6707,256_872,train
6709,256_872,train
6711,255_879,val
6712,255_879,val
6713,255_879,val
6714,253_876,train
6715,253_876,train
6716,254_876,test
6717,254_876,test
6719,256_877,train
6720,256_877,train
6722,256_877,train
6723,255_879,val
6724,255_879,val
6725,255_879,val
6726,255_879,val
6727,255_879,val
6728,255_879,val
6729,255_876,train
6730,256_876,test
6731,256_876,test
6733,257_878,test
6734,257_878,test
6735,257_878,test
6736,257_878,test
6738,255_875,val
6740,255_875,val
6741,255_878,test
6743,255_878,test
6746,255_874,val
6748,255_874,val
6750,255_873,train
6752,255_874,val
6753,255_875,val
6757,257_876,test
6758,257_876,test
6759,257_876,test
6761,255_874,val
6762,255_877,train
6763,255_877,train
6764,255_877,train
6768,255_874,val
6769,255_874,val
6770,254_877,val
6771,256_874,val
6772,255_873,train
6773,255_873,train
6774,255_873,train
6775,255_873,train
6777,254_876,test
6779,256_874,val
6780,256_874,val
6781,256_874,val
6782,256_876,test
6784,256_879,test
6785,257_878,test
6786,257_878,test
6788,257_878,test
6790,256_877,train
6791,256_877,train
6792,256_877,train
6794,256_874,val
6795,256_874,val
6796,255_874,val
6797,255_874,val
6798,255_874,val
6799,255_874,val
6801,255_874,val
6802,256_876,test
6803,255_875,val
6804,255_875,val
6806,256_877,train
6807,256_877,train
6808,255_879,val
6809,256_878,train
6810,256_878,train
6813,256_878,train
6814,256_874,val
6815,256_874,val
6818,255_872,test
6819,255_872,test
6821,254_874,val
6822,254_876,test
6823,253_877,val
6824,253_877,val
6826,256_877,train
6827,255_875,val
6828,254_875,train
6829,254_875,train
6830,254_875,train
6831,254_875,train
6832,254_875,train
6833,254_875,train
6834,254_874,val
6835,254_874,val
6837,254_874,val
6838,255_879,val
6839,255_879,val
6840,255_879,val
6841,257_879,train
6843,256_877,train
6844,256_876,test
6846,256_874,val
6847,256_874,val
6849,253_877,val
6851,256_877,train
6852,255_872,test
6855,254_873,train
6856,254_873,train
6857,257_878,test
6858,257_878,test
6859,257_878,test
6861,257_878,test
6862,255_873,train
6864,256_880,val
6865,255_878,test
6867,255_878,test
6868,255_878,test
6869,255_878,test
6870,255_878,test
6877,257_878,test
6879,257_878,test
6881,256_878,train
6882,256_878,train
6883,256_878,train
6885,256_878,train
6886,255_872,test
6887,257_878,test
6888,257_879,train
6889,257_879,train
6890,257_879,train
6893,255_873,train
6894,255_873,train
6895,255_873,train
6896,255_873,train
6897,255_873,train
6900,256_879,test
6901,256_878,train
6902,256_878,train
6904,255_879,val
6906,255_879,val
6907,255_879,val
6908,255_879,val
6909,255_879,val
6910,257_878,test
6911,257_878,test
6913,257_878,test
6916,257_876,test
6917,257_876,test
6919,257_876,test
6920,255_873,train
6921,255_873,train
6931,255_878,test
6932,255_874,val
6933,255_874,val
6934,255_874,val
6935,255_874,val
6936,255_874,val
6937,257_878,test
6938,257_878,test
6940,257_879,train
6941,257_878,test
6942,257_879,train
6944,253_877,val
6945,253_877,val
6946,253_877,val
6948,256_877,train
6950,256_880,val
6951,257_877,test
6952,257_877,test
6953,255_877,train
6956,255_877,train
6957,255_872,test
6959,255_872,test
6960,255_873,train
6961,255_873,train
6964,258_878,train
6965,258_878,train
6966,253_877,val
6967,253_877,val
6968,253_877,val
6969,256_873,train
6971,254_877,val
6972,254_874,val
6973,254_874,val
6974,254_874,val
6975,256_877,train
6976,255_878,test
6977,255_878,test
6978,255_878,test
6980,255_878,test
6981,255_880,val
6982,257_878,test
6984,257_878,test
6988,255_873,train
6990,254_875,train
6991,255_873,train
6994,255_873,train
6995,255_873,train
6997,257_878,test
6999,257_878,test
7000,257_878,test
7001,253_876,train
7002,253_876,train
7004,257_878,test
7006,256_874,val
7007,257_878,test
7008,257_878,test
7009,257_878,test
7010,257_876,test
7012,254_874,val
7014,254_874,val
7015,256_873,train
7022,255_873,train
7023,255_873,train
7024,257_876,test
7025,253_876,train
7026,253_876,train
7027,253_876,train
7028,255_875,val
7029,255_875,val
7030,255_875,val
7031,255_875,val
7032,256_880,val
7033,253_877,val
7035,253_877,val
7036,253_877,val
7037,256_874,val
7042,255_877,train
7044,255_877,train
7045,255_872,test
7047,255_872,test
7048,257_877,test
7050,257_877,test
7051,255_875,val
7053,256_874,val
7056,256_874,val
7058,254_874,val
7060,254_874,val
7062,253_877,val
7063,253_877,val
7064,257_877,test
7067,256_878,train
7071,256_873,train
7073,256_873,train
7076,256_878,train
7077,256_878,train
7078,257_878,test
7080,257_878,test
7081,254_873,train
7082,256_876,test
7084,256_876,test
7085,256_876,test
7086,256_876,test
7088,256_874,val
7089,256_874,val
7090,256_874,val
7093,255_878,test
7094,257_878,test
7095,257_878,test
7096,257_878,test
7097,257_878,test
7098,256_877,train
7099,256_877,train
7101,256_877,train
7103,256_877,train
7104,255_879,val
7105,255_879,val
7106,255_879,val
7107,255_879,val
7108,255_878,test
7110,257_878,test
7111,257_878,test
7112,257_878,test
7113,257_878,test
7115,257_878,test
7116,254_872,test
7117,256_877,train
7119,256_877,train
7121,255_875,val
7122,255_875,val
7123,255_875,val
7124,253_876,train
7125,253_876,train
7127,254_874,val
7128,254_874,val
7129,254_874,val
7130,256_877,train
7136,256_874,val
7137,256_874,val
7139,256_874,val
7140,255_876,train
7141,255_876,train
7143,255_873,train
7145,255_873,train
7148,256_877,train
7150,255_878,test
7151,255_878,test
7153,255_878,test
7154,256_877,train
7155,256_877,train
7156,256_877,train
7157,255_872,test
7161,255_873,train
7162,255_873,train
7164,256_875,test
7165,258_878,train
7167,253_877,val
7169,256_874,val
7170,256_874,val
7171,257_878,test
7172,257_878,test
7173,257_878,test
7174,257_878,test
7175,257_878,test
7177,254_874,val
7178,254_874,val
7179,254_874,val
7180,254_873,train
7184,255_874,val
7186,255_874,val
7187,254_877,val
7188,254_877,val
7189,254_874,val
7190,255_874,val
7192,256_874,val
7194,256_874,val
7195,256_874,val
7196,256_876,test
7198,252_877,train
7199,252_877,train
7200,252_877,train
7202,256_872,train
7203,256_872,train
7206,254_878,test
7208,255_874,val
7209,255_874,val
7212,255_878,test
7214,255_878,test
7216,254_873,train
7217,254_873,train
7219,255_874,val
7220,255_874,val
7222,256_874,val
7223,256_874,val
7224,254_878,test
7225,254_878,test
7226,257_879,train
7227,253_877,val
7228,253_877,val
7230,254_873,train
7232,257_879,train
7233,257_879,train
7235,257_879,train
7236,255_875,val
7238,253_877,val
7239,253_877,val
7240,253_877,val
7241,253_877,val
7242,254_872,test
7243,254_872,test
7244,254_872,test
7248,255_873,train
7249,255_873,train
7250,255_873,train
7253,256_872,train
7254,256_872,train
7255,256_872,train
7256,256_876,test
7258,255_875,val
7260,255_875,val
7265,256_875,test
7266,255_878,test
7268,255_876,train
7269,253_877,val
7270,253_877,val
7272,253_877,val
7273,254_874,val
7275,255_874,val
7276,255_874,val
7277,255_878,test
7278,255_873,train
7280,257_877,test
7281,257_877,test
7282,257_877,test
7283,257_877,test
7284,255_874,val
7286,255_874,val
7289,256_872,train
7290,256_872,train
7291,256_872,train
7294,255_873,train
7298,256_875,test
7300,256_879,test
7302,256_879,test
7303,257_876,test
7304,257_876,test
7305,257_876,test
7306,257_876,test
7308,256_878,train
7309,255_879,val
7310,255_879,val
7311,255_879,val
7318,258_878,train
7320,257_878,test
7321,257_878,test
7322,257_878,test
7323,257_878,test
7324,257_878,test
7326,256_877,train
7327,256_877,train
7328,256_875,test
7331,256_875,test
7332,255_874,val
